row,Accy,variable
1,,
2,,
3,,
4,0.9929924528,"PPT_sm, CMD_at, TD, Tmin_sm"
5,,
6,0.9948754717,"PPT_wt, soil_T_SAND, CMD_at, PPT_sm, TD, Tmin_sm"
7,,
8,0.9987716981,"Eref, DD_18_sp, Tmin_sm, PPT_wt, CMD_at, TD, soil_T_SAND, PPT_sm"
9,,
10,0.9996716981,"AHM, CMD_sp, Eref, PPT_wt, CMD_at, Tmin_sm, PPT_sm, DD_18_sp, TD, soil_T_SAND"
11,,
12,0.9994849057,"soil_T_GRAVEL, soil_T_SILT, AHM, soil_T_SAND, CMD_sp, PPT_wt, CMD_at, Eref, DD_18_sp, PPT_sm, Tmin_sm, TD"
13,,
14,0.9996679245,"DD5_sm, Eref_at, Tmin_sm, soil_T_GRAVEL, Eref, AHM, CMD_sp, CMD_at, DD_18_sp, PPT_wt, PPT_sm, soil_T_SAND, TD, soil_T_SILT"
15,,
16,0.9997150943,"soil_T_PH_H2O, soil_T_TEB, DD5_sm, soil_T_GRAVEL, Tmin_sm, Eref, Eref_at, CMD_at, AHM, DD_18_sp, soil_T_SILT, CMD_sp, soil_T_SAND, PPT_wt, PPT_sm, TD"
17,,
18,0.9997452830,"RH_sp, CMD, soil_T_PH_H2O, soil_T_TEB, AHM, DD5_sm, Tmin_sm, soil_T_GRAVEL, Eref, CMD_sp, Eref_at, CMD_at, soil_T_SILT, DD_18_sp, PPT_wt, soil_T_SAND, PPT_sm, TD"
19,,
20,0.9998358491,"PPT_sp, DD_18_wt, DD_18_sp, AHM, CMD, soil_T_GRAVEL, CMD_sp, Eref, DD5_sm, RH_sp, soil_T_PH_H2O, Tmin_sm, CMD_at, Eref_at, TD, soil_T_SAND, soil_T_TEB, PPT_wt, PPT_sm, soil_T_SILT"
21,,
22,0.9997716981,"soil_T_OC, soil_T_CEC_SOIL, soil_T_TEB, soil_T_GRAVEL, soil_T_PH_H2O, CMD_sp, DD_18_wt, PPT_sp, DD_18_sp, CMD, AHM, Eref, RH_sp, CMD_at, soil_T_SILT, Tmin_sm, Eref_at, DD5_sm, soil_T_SAND, PPT_wt, TD, PPT_sm"
23,,
24,0.9997641509,"PAS_wt, MAP, AHM, soil_T_PH_H2O, soil_T_CEC_SOIL, CMD, soil_T_TEB, soil_T_OC, PPT_sp, DD_18_wt, DD_18_sp, soil_T_GRAVEL, CMD_sp, DD5_sm, RH_sp, Eref, soil_T_SAND, PPT_wt, Tmin_sm, Eref_at, CMD_at, TD, soil_T_SILT, PPT_sm"
25,,
26,0.9998113208,"soil_T_CLAY, soil_T_REF_BULK_DENSITY, soil_T_PH_H2O, soil_T_CEC_SOIL, AHM, PAS_wt, soil_T_OC, MAP, CMD, CMD_sp, soil_T_GRAVEL, DD_18_sp, soil_T_SAND, DD_18_wt, PPT_sp, soil_T_SILT, soil_T_TEB, DD5_sm, Eref, CMD_at, Tmin_sm, Eref_at, RH_sp, PPT_wt, TD, PPT_sm"
27,,
28,0.9998320755,"Eref_sp, Tmax_sp, soil_T_OC, DD_18_sp, MAP, soil_T_CLAY, Eref, AHM, soil_T_CEC_SOIL, PAS_wt, soil_T_PH_H2O, CMD, soil_T_REF_BULK_DENSITY, PPT_sp, DD_18_wt, soil_T_GRAVEL, soil_T_SAND, DD5_sm, CMD_sp, soil_T_TEB, soil_T_SILT, Eref_at, Tmin_sm, CMD_at, TD, PPT_wt, PPT_sm, RH_sp"
29,,
30,0.9998245283,"MWMT, soil_T_CEC_CLAY, soil_T_REF_BULK_DENSITY, soil_T_CLAY, soil_T_CEC_SOIL, Eref_sp, PAS_wt, AHM, DD_18_sp, soil_T_PH_H2O, MAP, DD5_sm, Tmax_sp, soil_T_GRAVEL, Eref, CMD, PPT_sp, soil_T_OC, DD_18_wt, soil_T_SAND, Tmin_sm, CMD_sp, soil_T_SILT, soil_T_TEB, CMD_at, TD, Eref_at, RH_sp, PPT_wt, PPT_sm"
31,,
32,0.9998037736,"RH_sm, RH_wt, Eref_sp, DD_18_sp, MWMT, soil_T_CLAY, soil_T_PH_H2O, soil_T_OC, soil_T_REF_BULK_DENSITY, soil_T_CEC_SOIL, Tmax_sp, AHM, MAP, PAS_wt, DD5_sm, CMD, Tmin_sm, DD_18_wt, Eref, soil_T_GRAVEL, CMD_sp, soil_T_CEC_CLAY, PPT_sp, CMD_at, soil_T_SILT, soil_T_TEB, soil_T_SAND, Eref_at, RH_sp, TD, PPT_wt, PPT_sm"
33,,
34,0.9998207547,"DD5_sp, soil_T_ESP, RH_sm, Eref_sp, soil_T_OC, DD_18_sp, RH_wt, MWMT, DD5_sm, soil_T_PH_H2O, soil_T_REF_BULK_DENSITY, Tmax_sp, soil_T_CEC_SOIL, MAP, PAS_wt, soil_T_CLAY, soil_T_GRAVEL, AHM, soil_T_CEC_CLAY, DD_18_wt, CMD, Eref, Tmin_sm, CMD_sp, soil_T_TEB, soil_T_SILT, RH_sp, PPT_sp, soil_T_SAND, TD, CMD_at, Eref_at, PPT_wt, PPT_sm"
35,,
36,0.9998924528,"CMD_sm, CMD_wt, DD5_sp, DD_18_sp, Eref_sp, RH_sm, MWMT, CMD, Tmax_sp, soil_T_ESP, soil_T_CLAY, soil_T_PH_H2O, soil_T_GRAVEL, AHM, soil_T_CEC_SOIL, soil_T_REF_BULK_DENSITY, DD_18_wt, MAP, DD5_sm, Eref, Tmin_sm, soil_T_OC, PAS_wt, RH_wt, soil_T_SAND, CMD_sp, soil_T_TEB, PPT_sp, soil_T_CEC_CLAY, soil_T_SILT, TD, Eref_at, RH_sp, CMD_at, PPT_sm, PPT_wt"
37,,
38,0.9998584906,"PPT_at, PAS, CMD_sm, DD5_sp, soil_T_ESP, CMD_wt, DD_18_sp, Eref_sp, Tmax_sp, AHM, MWMT, soil_T_CLAY, RH_wt, soil_T_CEC_SOIL, DD5_sm, MAP, PAS_wt, CMD, DD_18_wt, soil_T_REF_BULK_DENSITY, soil_T_GRAVEL, soil_T_PH_H2O, Eref, RH_sm, CMD_sp, Tmin_sm, soil_T_OC, soil_T_SAND, TD, CMD_at, soil_T_TEB, soil_T_SILT, Eref_at, PPT_sp, RH_sp, soil_T_CEC_CLAY, PPT_sm, PPT_wt"
39,,
40,0.9998452830,"soil_T_CACO3, Tmax_at, PPT_at, DD5_sp, Eref_sp, CMD_wt, CMD_sm, soil_T_ESP, DD_18_sp, MWMT, Tmax_sp, PAS, AHM, CMD, DD5_sm, DD_18_wt, soil_T_PH_H2O, soil_T_CLAY, MAP, soil_T_CEC_SOIL, PAS_wt, soil_T_OC, Eref, soil_T_GRAVEL, soil_T_REF_BULK_DENSITY, RH_wt, Tmin_sm, RH_sm, CMD_sp, soil_T_SAND, soil_T_TEB, CMD_at, PPT_sp, TD, soil_T_CEC_CLAY, soil_T_SILT, Eref_at, RH_sp, PPT_sm, PPT_wt"
41,,
42,0.9998509434,"MCMT, Eref_sm, Tmax_at, CMD_sm, CMD_wt, DD5_sp, DD_18_sp, soil_T_CACO3, PPT_at, DD_18_wt, Eref_sp, Tmax_sp, CMD, PAS, soil_T_ESP, MWMT, soil_T_REF_BULK_DENSITY, soil_T_CEC_SOIL, PAS_wt, AHM, DD5_sm, MAP, Eref, soil_T_CLAY, soil_T_PH_H2O, CMD_sp, RH_wt, soil_T_GRAVEL, TD, Tmin_sm, RH_sm, soil_T_TEB, CMD_at, soil_T_SAND, Eref_at, soil_T_SILT, PPT_sp, soil_T_OC, soil_T_CEC_CLAY, PPT_sm, RH_sp, PPT_wt"
43,,
44,0.9998830189,"DD18_sm, EXT, CMD_sm, DD_18_sp, DD5_sp, soil_T_CACO3, MCMT, MWMT, Eref_sm, CMD_wt, PPT_at, Eref_sp, DD5_sm, Tmax_at, DD_18_wt, soil_T_ESP, PAS, CMD, soil_T_CEC_SOIL, Tmax_sp, PAS_wt, AHM, RH_wt, MAP, soil_T_REF_BULK_DENSITY, Tmin_sm, soil_T_OC, Eref, soil_T_CLAY, TD, soil_T_GRAVEL, soil_T_PH_H2O, RH_sm, CMD_sp, Eref_at, PPT_sp, CMD_at, soil_T_SILT, soil_T_TEB, soil_T_SAND, soil_T_CEC_CLAY, PPT_sm, RH_sp, PPT_wt"
45,,
46,0.9998603774,"soil_T_BS, Tmax_wt, DD18_sm, MCMT, EXT, Eref_sm, MWMT, DD5_sp, DD_18_wt, CMD_sm, Tmax_at, DD_18_sp, soil_T_CACO3, DD5_sm, PPT_at, Tmax_sp, soil_T_ESP, Eref_sp, PAS, CMD_wt, soil_T_GRAVEL, soil_T_REF_BULK_DENSITY, soil_T_CEC_SOIL, CMD, AHM, TD, soil_T_PH_H2O, RH_sm, MAP, soil_T_CLAY, Eref, Tmin_sm, PAS_wt, CMD_sp, CMD_at, soil_T_TEB, soil_T_SAND, soil_T_OC, soil_T_CEC_CLAY, RH_wt, soil_T_SILT, Eref_at, PPT_sp, PPT_sm, RH_sp, PPT_wt"
47,,
48,0.9998679245,"PAS_sp, Tmin_wt, MCMT, Tmax_wt, soil_T_BS, EXT, Eref_sm, DD18_sm, DD_18_wt, MWMT, DD5_sp, CMD_sm, DD_18_sp, PPT_at, soil_T_CACO3, Eref_sp, Tmax_at, soil_T_ESP, PAS, DD5_sm, Tmax_sp, CMD_wt, CMD, soil_T_OC, AHM, TD, Eref, soil_T_PH_H2O, soil_T_CLAY, soil_T_GRAVEL, MAP, RH_sm, soil_T_CEC_SOIL, soil_T_REF_BULK_DENSITY, Tmin_sm, CMD_at, PAS_wt, soil_T_TEB, CMD_sp, soil_T_SILT, soil_T_SAND, RH_wt, Eref_at, PPT_sp, soil_T_CEC_CLAY, RH_sp, PPT_sm, PPT_wt"
49,,
50,0.9999094340,"DD18, soil_T_ECE, Tmin_wt, MCMT, Tmax_wt, DD18_sm, EXT, Eref_sm, PAS_sp, DD_18_wt, soil_T_BS, DD5_sp, DD_18_sp, Tmax_at, CMD_sm, MWMT, DD5_sm, soil_T_CACO3, Eref_sp, PPT_at, Tmax_sp, soil_T_ESP, PAS, soil_T_CEC_SOIL, AHM, CMD, soil_T_REF_BULK_DENSITY, soil_T_GRAVEL, TD, soil_T_CLAY, CMD_wt, Tmin_sm, Eref, PAS_wt, MAP, soil_T_TEB, CMD_at, CMD_sp, soil_T_OC, soil_T_PH_H2O, soil_T_SAND, soil_T_SILT, RH_wt, Eref_at, PPT_sp, RH_sm, soil_T_CEC_CLAY, PPT_sm, RH_sp, PPT_wt"
51,,
52,0.9998849057,"Tave_sp, DD18_sp, DD18, Tmin_wt, soil_T_ECE, MCMT, DD5_sp, PAS_sp, EXT, Tmax_wt, DD_18_sp, soil_T_CACO3, Eref_sm, DD_18_wt, DD18_sm, MWMT, DD5_sm, CMD_sm, soil_T_BS, Tmax_sp, Tmax_at, Eref_sp, PPT_at, PAS, soil_T_ESP, CMD, Tmin_sm, soil_T_GRAVEL, soil_T_CEC_SOIL, TD, AHM, soil_T_CLAY, soil_T_REF_BULK_DENSITY, soil_T_PH_H2O, soil_T_TEB, Eref, CMD_at, CMD_wt, MAP, CMD_sp, RH_wt, soil_T_SAND, PAS_wt, soil_T_SILT, RH_sm, Eref_at, soil_T_OC, PPT_sp, soil_T_CEC_CLAY, RH_sp, PPT_sm, PPT_wt"
53,,
54,0.9999207547,"Tave_sm, DD5, Tave_sp, DD18_sp, MCMT, DD5_sp, Tmin_wt, soil_T_ECE, DD18, EXT, Tmax_wt, PAS_sp, DD_18_sp, MWMT, DD18_sm, Eref_sm, DD_18_wt, DD5_sm, soil_T_CACO3, CMD_sm, soil_T_BS, Tmax_at, PPT_at, Eref_sp, Tmax_sp, TD, AHM, soil_T_CEC_SOIL, Tmin_sm, CMD, PAS, soil_T_REF_BULK_DENSITY, soil_T_GRAVEL, soil_T_ESP, soil_T_PH_H2O, MAP, soil_T_CLAY, CMD_at, CMD_sp, CMD_wt, soil_T_TEB, Eref, PAS_wt, soil_T_SAND, soil_T_OC, Eref_at, soil_T_SILT, RH_wt, RH_sm, PPT_sp, soil_T_CEC_CLAY, PPT_sm, RH_sp, PPT_wt"
55,,
56,0.9999207547,"Tmin_sp, PAS_at, DD5, Tave_sm, Tave_sp, DD18_sp, MCMT, Tmin_wt, DD5_sp, DD18, soil_T_ECE, EXT, PAS_sp, DD18_sm, Tmax_wt, DD_18_sp, DD_18_wt, MWMT, DD5_sm, Eref_sm, CMD_sm, soil_T_BS, soil_T_CACO3, Tmax_at, PAS, Eref_sp, PPT_at, Tmax_sp, soil_T_ESP, CMD, TD, Tmin_sm, AHM, soil_T_CEC_SOIL, soil_T_REF_BULK_DENSITY, soil_T_GRAVEL, soil_T_CLAY, CMD_wt, soil_T_OC, Eref, soil_T_PH_H2O, CMD_at, MAP, soil_T_TEB, CMD_sp, PAS_wt, soil_T_SILT, soil_T_SAND, RH_sm, Eref_at, PPT_sp, PPT_sm, RH_wt, soil_T_CEC_CLAY, RH_sp, PPT_wt"
57,,
58,0.9999188679,"DD18_at, DD_18_sm, PAS_at, Tmin_sp, Tave_sm, DD5, Tave_sp, Tmin_wt, DD18_sp, DD18, DD5_sp, EXT, MCMT, DD_18_sp, soil_T_ECE, MWMT, DD18_sm, Tmax_wt, DD_18_wt, DD5_sm, soil_T_BS, PAS_sp, CMD_sm, Eref_sm, soil_T_CACO3, Tmax_sp, Tmax_at, soil_T_ESP, PPT_at, CMD, PAS, Tmin_sm, Eref_sp, TD, CMD_wt, AHM, soil_T_CEC_SOIL, soil_T_GRAVEL, soil_T_REF_BULK_DENSITY, CMD_sp, soil_T_CLAY, soil_T_PH_H2O, MAP, CMD_at, PAS_wt, Eref, soil_T_SAND, soil_T_TEB, soil_T_SILT, soil_T_OC, RH_sm, RH_wt, Eref_at, PPT_sp, PPT_sm, soil_T_CEC_CLAY, RH_sp, PPT_wt"
59,,
60,0.9999188679,"DD_0_wt, DD_0, DD_18_sm, PAS_at, Tmin_sp, DD5, Tave_sm, DD18_at, Tmin_wt, Tave_sp, MCMT, DD18, DD18_sp, DD_18_wt, soil_T_ECE, Tmax_wt, DD18_sm, DD5_sp, EXT, DD_18_sp, PAS_sp, soil_T_BS, MWMT, DD5_sm, CMD_sm, soil_T_CACO3, Tmax_sp, Tmax_at, TD, Eref_sp, Eref_sm, PPT_at, CMD, PAS, Tmin_sm, soil_T_CEC_SOIL, soil_T_ESP, AHM, soil_T_GRAVEL, soil_T_PH_H2O, soil_T_REF_BULK_DENSITY, CMD_sp, soil_T_CLAY, CMD_at, MAP, CMD_wt, Eref, soil_T_TEB, soil_T_OC, soil_T_SILT, soil_T_SAND, PAS_wt, Eref_at, RH_sm, PPT_sp, PPT_sm, soil_T_CEC_CLAY, RH_sp, RH_wt, PPT_wt"
61,,
62,0.9999320755,"DD_18_at, RH_at, Tmin_sp, DD_0_wt, DD5, DD_0, Tave_sp, DD18_at, Tmin_wt, DD_18_sm, Tave_sm, MCMT, DD18_sp, PAS_at, DD18, EXT, Tmax_wt, DD_18_wt, DD18_sm, DD_18_sp, PAS_sp, DD5_sm, MWMT, soil_T_ECE, soil_T_BS, DD5_sp, Eref_sm, CMD_sm, soil_T_ESP, soil_T_CACO3, Tmax_sp, TD, Eref_sp, Tmin_sm, PAS, Tmax_at, CMD, AHM, Eref, PPT_at, soil_T_CLAY, CMD_at, soil_T_REF_BULK_DENSITY, soil_T_CEC_SOIL, soil_T_GRAVEL, soil_T_PH_H2O, CMD_sp, CMD_wt, soil_T_TEB, soil_T_OC, MAP, soil_T_SAND, PAS_wt, soil_T_SILT, Eref_at, RH_sm, RH_sp, RH_wt, PPT_sm, PPT_sp, soil_T_CEC_CLAY, PPT_wt"
63,,
64,0.9999245283,"Tmax_sm, Tave_wt, DD_0, DD_0_wt, DD5, DD_18_sm, Tave_sm, DD_18_at, Tmin_wt, Tmin_sp, DD18_sp, PAS_at, MCMT, Tave_sp, DD18, DD18_at, DD_18_wt, EXT, RH_at, soil_T_ECE, DD5_sp, DD18_sm, Tmax_wt, DD_18_sp, MWMT, DD5_sm, Eref_sm, PAS_sp, soil_T_BS, soil_T_CACO3, Tmax_sp, Eref_sp, CMD_sm, TD, soil_T_ESP, Tmin_sm, Tmax_at, PPT_at, CMD, soil_T_CEC_SOIL, PAS, soil_T_REF_BULK_DENSITY, soil_T_GRAVEL, AHM, CMD_wt, soil_T_CLAY, soil_T_PH_H2O, CMD_at, Eref, soil_T_TEB, PAS_wt, soil_T_SILT, soil_T_SAND, CMD_sp, MAP, soil_T_OC, RH_sm, Eref_at, PPT_sm, PPT_sp, soil_T_CEC_CLAY, RH_sp, RH_wt, PPT_wt"
65,,
66,0.9999452830,"RH, EMT, DD_18_at, DD_0_wt, DD_0, Tmax_sm, Tmin_sp, Tave_wt, Tmin_wt, DD_18_sm, DD5, MCMT, Tave_sm, DD18_sp, PAS_at, DD_18_wt, PAS_sp, Tave_sp, EXT, DD18, DD18_at, Tmax_wt, soil_T_ECE, DD5_sp, DD18_sm, DD5_sm, MWMT, DD_18_sp, Eref_sm, CMD_sm, soil_T_CACO3, Tmax_sp, soil_T_BS, Tmax_at, RH_at, soil_T_ESP, Eref_sp, CMD, TD, PAS, soil_T_CEC_SOIL, Eref, Tmin_sm, AHM, soil_T_GRAVEL, soil_T_REF_BULK_DENSITY, CMD_sp, PPT_at, CMD_wt, soil_T_PH_H2O, CMD_at, soil_T_CLAY, soil_T_TEB, PAS_wt, soil_T_SAND, soil_T_SILT, soil_T_OC, MAP, Eref_at, RH_sm, RH_sp, RH_wt, PPT_sm, PPT_sp, soil_T_CEC_CLAY, PPT_wt"
67,,
68,0.9999396226,"DD_0_sp, DD_18, Tave_wt, Tmax_sm, Tmin_wt, EMT, Tmin_sp, DD_0, DD_0_wt, DD5, DD_18_sm, DD_18_at, MCMT, PAS_at, DD18_sp, Tave_sm, DD_18_wt, RH, EXT, RH_at, Tave_sp, DD18, Tmax_wt, DD18_sm, DD18_at, DD5_sp, MWMT, soil_T_ECE, DD_18_sp, DD5_sm, Eref_sm, CMD_sm, Eref_sp, soil_T_BS, PAS_sp, soil_T_CACO3, Tmax_sp, Tmin_sm, TD, soil_T_ESP, PAS, Tmax_at, CMD, soil_T_PH_H2O, CMD_at, soil_T_GRAVEL, soil_T_CEC_SOIL, soil_T_REF_BULK_DENSITY, AHM, soil_T_CLAY, CMD_wt, PPT_at, CMD_sp, Eref, soil_T_TEB, soil_T_SAND, soil_T_SILT, MAP, soil_T_OC, PAS_wt, Eref_at, RH_wt, RH_sm, RH_sp, PPT_sm, soil_T_CEC_CLAY, PPT_sp, PPT_wt"
69,,
70,0.9999490566,"soil_T_CASO4, DD5_at, EMT, DD_18, Tave_wt, DD_18_at, DD_0_wt, DD_0, DD5, Tmin_wt, Tmax_sm, MCMT, DD_0_sp, DD_18_sm, DD18_at, Tmin_sp, PAS_at, Tave_sm, RH, DD_18_wt, EXT, RH_at, Tave_sp, DD18_sp, DD18, soil_T_ECE, DD18_sm, DD_18_sp, MWMT, DD5_sm, Tmax_wt, DD5_sp, soil_T_BS, PAS_sp, Eref_sm, CMD_sm, soil_T_CACO3, Eref_sp, TD, Tmin_sm, Tmax_at, PAS, soil_T_ESP, soil_T_CEC_SOIL, CMD, Tmax_sp, PPT_at, Eref, soil_T_GRAVEL, CMD_at, soil_T_REF_BULK_DENSITY, AHM, soil_T_CLAY, CMD_wt, soil_T_PH_H2O, CMD_sp, soil_T_TEB, soil_T_SILT, soil_T_SAND, PAS_wt, MAP, soil_T_OC, RH_sm, Eref_at, RH_wt, RH_sp, PPT_sm, PPT_sp, soil_T_CEC_CLAY, PPT_wt"
71,,
72,0.9999113208,"Tave_at, DD_0_at, soil_T_CASO4, EMT, DD_18, Tmin_wt, Tave_wt, DD_0, DD_0_sp, Tmax_sm, DD_18_at, DD_18_sm, DD_0_wt, DD5, MCMT, DD5_at, Tave_sm, PAS_at, RH, DD_18_wt, Tmin_sp, Tave_sp, Tmax_wt, DD18, EXT, DD18_sp, DD18_sm, soil_T_ECE, DD18_at, Eref_sm, PAS_sp, DD5_sp, MWMT, DD5_sm, soil_T_CACO3, soil_T_BS, DD_18_sp, Eref_sp, CMD_sm, Tmax_sp, Tmax_at, CMD, TD, PAS, soil_T_ESP, soil_T_REF_BULK_DENSITY, Tmin_sm, soil_T_CEC_SOIL, soil_T_GRAVEL, Eref, CMD_at, AHM, soil_T_CLAY, CMD_wt, PPT_at, CMD_sp, RH_at, soil_T_PH_H2O, soil_T_TEB, soil_T_OC, soil_T_SAND, Eref_at, PAS_wt, soil_T_SILT, MAP, RH_sm, RH_wt, RH_sp, PPT_sm, soil_T_CEC_CLAY, PPT_sp, PPT_wt"
73,,
74,0.9999264151,"NFFD, Tmin_at, DD_0_at, soil_T_CASO4, Tave_at, DD_18, EMT, Tmin_wt, Tave_wt, DD_18_at, DD_0, Tmax_sm, DD5, DD_0_wt, DD_18_sm, DD5_at, Tmin_sp, MCMT, DD_0_sp, Tave_sm, DD18, PAS_at, DD_18_wt, EXT, DD18_sm, DD18_sp, Tave_sp, soil_T_ECE, Tmax_wt, MWMT, PAS_sp, DD5_sm, DD18_at, Eref_sm, DD5_sp, soil_T_BS, RH, soil_T_CACO3, DD_18_sp, CMD_sm, Tmax_sp, Eref_sp, RH_at, PAS, CMD, Tmax_at, TD, soil_T_GRAVEL, Tmin_sm, soil_T_ESP, Eref, AHM, soil_T_CEC_SOIL, soil_T_REF_BULK_DENSITY, CMD_at, CMD_wt, soil_T_CLAY, soil_T_PH_H2O, CMD_sp, PPT_at, soil_T_TEB, PAS_wt, soil_T_OC, soil_T_SAND, soil_T_SILT, MAP, Eref_at, RH_sm, RH_sp, PPT_sm, RH_wt, soil_T_CEC_CLAY, PPT_sp, PPT_wt"
75,,
76,0.9999452830,"Eref_wt, MAT, DD_0_at, NFFD, Tave_at, soil_T_CASO4, Tmin_at, DD_18, DD_0, EMT, DD5_at, DD_18_at, Tave_wt, DD_0_wt, Tmax_sm, Tmin_wt, DD5, DD_0_sp, DD_18_sm, MCMT, PAS_at, Tave_sm, DD_18_wt, EXT, Tave_sp, DD18_sm, DD18_at, DD18, DD18_sp, RH, DD5_sp, soil_T_ECE, Eref_sm, Tmin_sp, MWMT, PAS_sp, DD5_sm, DD_18_sp, soil_T_BS, CMD_sm, Tmax_wt, Tmax_sp, Eref_sp, TD, soil_T_CACO3, Tmin_sm, soil_T_ESP, Tmax_at, CMD_at, PAS, CMD, soil_T_CEC_SOIL, soil_T_GRAVEL, AHM, soil_T_REF_BULK_DENSITY, soil_T_PH_H2O, Eref, CMD_wt, PPT_at, CMD_sp, RH_sm, soil_T_CLAY, PAS_wt, soil_T_SAND, soil_T_TEB, soil_T_SILT, soil_T_OC, RH_at, Eref_at, MAP, RH_wt, RH_sp, PPT_sm, PPT_sp, soil_T_CEC_CLAY, PPT_wt"
77,,
78,0.9999264151,"NFFD_sp, DD5_wt, Eref_wt, MAT, NFFD, DD_0_at, Tave_at, soil_T_CASO4, Tmin_at, Tmin_wt, EMT, DD_0, DD_0_sp, Tave_wt, DD_0_wt, DD_18_sm, DD5, Tmax_sm, DD5_at, MCMT, DD_18, Tave_sm, DD_18_wt, PAS_at, DD18, DD_18_at, EXT, Tmin_sp, DD18_at, DD18_sp, Tave_sp, soil_T_ECE, DD18_sm, MWMT, DD5_sp, DD_18_sp, DD5_sm, RH, Eref_sm, soil_T_BS, soil_T_CACO3, Tmin_sm, Tmax_sp, PAS_sp, CMD_sm, RH_at, Eref_sp, TD, PAS, Tmax_at, CMD, soil_T_ESP, Tmax_wt, soil_T_CEC_SOIL, soil_T_OC, CMD_at, Eref, soil_T_GRAVEL, CMD_wt, soil_T_CLAY, CMD_sp, soil_T_REF_BULK_DENSITY, soil_T_PH_H2O, AHM, PPT_at, soil_T_TEB, soil_T_SAND, PAS_wt, Eref_at, soil_T_SILT, MAP, PPT_sm, RH_sm, RH_sp, PPT_sp, soil_T_CEC_CLAY, RH_wt, PPT_wt"
79,,
80,0.9999396226,"NFFD_sm, PAS_sm, NFFD_sp, DD5_wt, Eref_wt, NFFD, DD_0_at, MAT, soil_T_CASO4, Tave_at, EMT, Tave_wt, DD5_at, DD5, DD_0, Tmin_at, Tmin_wt, DD_0_wt, Tmax_sm, DD_0_sp, MCMT, DD_18_at, DD_18, DD_18_sm, Tmin_sp, Tave_sm, DD_18_wt, EXT, DD18_at, PAS_at, DD18, Tave_sp, DD18_sp, DD18_sm, MWMT, PAS_sp, DD5_sm, DD_18_sp, RH, soil_T_ECE, DD5_sp, Eref_sm, soil_T_CACO3, Tmax_wt, Eref_sp, soil_T_BS, CMD_sm, TD, Tmax_sp, CMD, Tmax_at, PAS, Tmin_sm, soil_T_ESP, CMD_at, Eref, AHM, soil_T_REF_BULK_DENSITY, soil_T_PH_H2O, soil_T_CEC_SOIL, soil_T_GRAVEL, CMD_wt, RH_at, soil_T_TEB, soil_T_CLAY, CMD_sp, soil_T_OC, PPT_at, soil_T_SAND, soil_T_SILT, Eref_at, PAS_wt, MAP, RH_sm, PPT_sp, RH_wt, RH_sp, PPT_sm, soil_T_CEC_CLAY, PPT_wt"
81,,
82,0.9999377358,"NFFD_wt, NFFD_at, NFFD_sm, Eref_wt, PAS_sm, DD5_wt, NFFD, Tave_at, NFFD_sp, DD_0_at, MAT, soil_T_CASO4, Tmin_wt, Tmin_at, EMT, DD5, Tmax_sm, DD_18, MCMT, Tave_wt, DD_0_wt, DD_0, DD_18_sm, DD_18_at, Tave_sm, PAS_at, DD_0_sp, DD_18_wt, EXT, DD18, DD5_at, Tave_sp, soil_T_ECE, MWMT, DD18_sp, DD18_at, DD5_sm, DD18_sm, DD5_sp, Tmin_sp, DD_18_sp, PAS_sp, CMD_sm, Eref_sm, soil_T_BS, Tmax_sp, soil_T_CACO3, Eref_sp, Tmax_at, PAS, Tmin_sm, CMD, Tmax_wt, soil_T_ESP, TD, soil_T_GRAVEL, soil_T_REF_BULK_DENSITY, Eref, AHM, CMD_wt, soil_T_CEC_SOIL, CMD_at, RH, soil_T_CLAY, soil_T_PH_H2O, RH_at, soil_T_OC, soil_T_TEB, CMD_sp, soil_T_SAND, PAS_wt, PPT_at, soil_T_SILT, RH_sm, Eref_at, MAP, RH_sp, RH_wt, PPT_sm, PPT_sp, soil_T_CEC_CLAY, PPT_wt"
83,,
84,0.9999415094,"DD_0_sm, DD18_wt, NFFD_wt, NFFD_at, NFFD_sm, NFFD_sp, PAS_sm, DD5_wt, Eref_wt, NFFD, MAT, Tave_at, soil_T_CASO4, EMT, DD_0_at, Tmin_wt, DD5, DD_18, Tmin_at, Tave_wt, DD_0_sp, Tmax_sm, DD_0_wt, DD_18_sm, MCMT, PAS_at, DD_0, Tave_sm, DD5_at, EXT, DD_18_wt, DD18_sp, DD_18_at, DD18, RH, DD5_sp, Tave_sp, DD18_at, DD18_sm, MWMT, soil_T_ECE, PAS_sp, Tmax_wt, Tmin_sp, DD5_sm, soil_T_BS, soil_T_CACO3, CMD_sm, Eref_sp, Eref_sm, DD_18_sp, CMD, TD, Tmax_sp, PAS, Tmin_sm, soil_T_REF_BULK_DENSITY, soil_T_CEC_SOIL, soil_T_ESP, Eref, Tmax_at, soil_T_GRAVEL, AHM, CMD_at, CMD_wt, soil_T_OC, soil_T_CLAY, CMD_sp, soil_T_PH_H2O, soil_T_TEB, soil_T_SAND, PPT_at, PAS_wt, RH_at, soil_T_SILT, Eref_at, RH_sm, MAP, RH_sp, PPT_sm, RH_wt, soil_T_CEC_CLAY, PPT_sp, PPT_wt"
