Species,method_label,scenario,period,ssp,rank_cutoff,rank_label,n_populations,median_area_million_km2,q25_area_million_km2,q75_area_million_km2
lariGme,Plain RF,2011-2040SSP245,2011-2040,SSP245,1,Top-1,8,0.0874679396901961,0.0437634093264602,0.177739528811604
lariGme,Plain RF,2011-2040SSP245,2011-2040,SSP245,3,Top-3,8,0.376358344239724,0.138002609767551,0.539502613455035
lariGme,Plain RF,2011-2040SSP245,2011-2040,SSP245,5,Top-5,8,0.493200621014389,0.222383119837001,0.649137197591737
lariGme,Plain RF,2041-2070SSP245,2041-2070,SSP245,1,Top-1,8,0.0758230610957455,0.0049704928783792,0.193338988261916
lariGme,Plain RF,2041-2070SSP245,2041-2070,SSP245,3,Top-3,8,0.296560202082822,0.086467541615964,0.510563982118777
lariGme,Plain RF,2041-2070SSP245,2041-2070,SSP245,5,Top-5,8,0.384023902289289,0.130533512658557,0.6000240098667
lariGme,Plain RF,2071-2100SSP245,2071-2100,SSP245,1,Top-1,8,0.0609992492031494,0.00324379497129261,0.184058897671339
lariGme,Plain RF,2071-2100SSP245,2071-2100,SSP245,3,Top-3,8,0.245928973296755,0.0380671676848679,0.456604314387014
lariGme,Plain RF,2071-2100SSP245,2071-2100,SSP245,5,Top-5,8,0.306181707064423,0.0592516950089125,0.563617580032658
lariGme,Plain RF,2011-2040SSP585,2011-2040,SSP585,1,Top-1,8,0.0870159253620108,0.03964670679142,0.181794331284859
lariGme,Plain RF,2011-2040SSP585,2011-2040,SSP585,3,Top-3,8,0.37933020998765,0.12758193205754,0.53969681695188
lariGme,Plain RF,2011-2040SSP585,2011-2040,SSP585,5,Top-5,8,0.4888581480708,0.207957648972854,0.645029585550341
lariGme,Plain RF,2041-2070SSP585,2041-2070,SSP585,1,Top-1,8,0.0662868269539447,0.00347036850470876,0.181426127965844
lariGme,Plain RF,2041-2070SSP585,2041-2070,SSP585,3,Top-3,8,0.251142208551444,0.0452949753521801,0.456662890319866
lariGme,Plain RF,2041-2070SSP585,2041-2070,SSP585,5,Top-5,8,0.31425326256897,0.0663807595025854,0.562465356791719
lariGme,Plain RF,2071-2100SSP585,2071-2100,SSP585,1,Top-1,8,0.0271578903769225,0.00162300496879718,0.130205096737416
lariGme,Plain RF,2071-2100SSP585,2071-2100,SSP585,3,Top-3,8,0.0933347174685965,0.0101596840693728,0.332597392087648
lariGme,Plain RF,2071-2100SSP585,2071-2100,SSP585,5,Top-5,8,0.121174585036115,0.0129857537070815,0.388555065613722
lariGme,Plain MF RF,2011-2040SSP245,2011-2040,SSP245,1,Top-1,8,0.0906913826760377,0.042259298368423,0.176135676886021
lariGme,Plain MF RF,2011-2040SSP245,2011-2040,SSP245,3,Top-3,8,0.379520202433048,0.135174548313222,0.539883130504814
lariGme,Plain MF RF,2011-2040SSP245,2011-2040,SSP245,5,Top-5,8,0.493766532453362,0.218818396724091,0.651297735267182
lariGme,Plain MF RF,2041-2070SSP245,2041-2070,SSP245,1,Top-1,8,0.0796509584171548,0.00422733168506248,0.189641063573608
lariGme,Plain MF RF,2041-2070SSP245,2041-2070,SSP245,3,Top-3,8,0.291869805983603,0.0715128796539692,0.505259658860856
lariGme,Plain MF RF,2041-2070SSP245,2041-2070,SSP245,5,Top-5,8,0.370904719530923,0.11139053362805,0.612491758324766
lariGme,Plain MF RF,2071-2100SSP245,2071-2100,SSP245,1,Top-1,8,0.060661634506061,0.0026441258514199,0.181716947351274
lariGme,Plain MF RF,2071-2100SSP245,2071-2100,SSP245,3,Top-3,8,0.229002170690087,0.023454929028276,0.453706209087711
lariGme,Plain MF RF,2071-2100SSP245,2071-2100,SSP245,5,Top-5,8,0.283586798784444,0.0455529272200384,0.560596435392603
lariGme,Plain MF RF,2011-2040SSP585,2011-2040,SSP585,1,Top-1,8,0.0891836441604144,0.0387853553913062,0.180838054533875
lariGme,Plain MF RF,2011-2040SSP585,2011-2040,SSP585,3,Top-3,8,0.382534270012316,0.124794578834715,0.540197653030017
lariGme,Plain MF RF,2011-2040SSP585,2011-2040,SSP585,5,Top-5,8,0.488458356233002,0.205424353859813,0.647989079083739
lariGme,Plain MF RF,2041-2070SSP585,2041-2070,SSP585,1,Top-1,8,0.0693123905678517,0.00299955533368945,0.176225278702504
lariGme,Plain MF RF,2041-2070SSP585,2041-2070,SSP585,3,Top-3,8,0.237298810440209,0.0326291622109027,0.449632255601201
lariGme,Plain MF RF,2041-2070SSP585,2041-2070,SSP585,5,Top-5,8,0.294838241149259,0.0521516553586287,0.563084713900596
lariGme,Plain MF RF,2071-2100SSP585,2071-2100,SSP585,1,Top-1,8,0.0226215678781019,0.00120709982933813,0.123230804235482
lariGme,Plain MF RF,2071-2100SSP585,2071-2100,SSP585,3,Top-3,8,0.0836267963544882,0.00918387110072383,0.322275249194863
lariGme,Plain MF RF,2071-2100SSP585,2071-2100,SSP585,5,Top-5,8,0.109720940476438,0.012172558518137,0.376302183255029
lariOlg,Plain RF,2011-2040SSP245,2011-2040,SSP245,1,Top-1,7,0.154116874344455,0.054537134769104,0.266858842476265
lariOlg,Plain RF,2011-2040SSP245,2011-2040,SSP245,3,Top-3,7,0.530213853259477,0.201799239772934,0.608865751583358
lariOlg,Plain RF,2011-2040SSP245,2011-2040,SSP245,5,Top-5,7,0.606292684859484,0.272332834190653,0.815658176999883
lariOlg,Plain RF,2041-2070SSP245,2041-2070,SSP245,1,Top-1,7,0.167241286045414,0.0139020536039375,0.280592131440338
lariOlg,Plain RF,2041-2070SSP245,2041-2070,SSP245,3,Top-3,7,0.506122995540601,0.135940829181828,0.561385076426553
lariOlg,Plain RF,2041-2070SSP245,2041-2070,SSP245,5,Top-5,7,0.57215121801267,0.176035847573958,0.71523533346776
lariOlg,Plain RF,2071-2100SSP245,2071-2100,SSP245,1,Top-1,7,0.153007368365041,0.0138122750726822,0.293565746989613
lariOlg,Plain RF,2071-2100SSP245,2071-2100,SSP245,3,Top-3,7,0.433778595233472,0.105529418135678,0.55379978680562
lariOlg,Plain RF,2071-2100SSP245,2071-2100,SSP245,5,Top-5,7,0.55980364731293,0.120011513246441,0.636042490289869
lariOlg,Plain RF,2011-2040SSP585,2011-2040,SSP585,1,Top-1,7,0.157720188303856,0.0481979989887882,0.268411633758707
lariOlg,Plain RF,2011-2040SSP585,2011-2040,SSP585,3,Top-3,7,0.531709781946287,0.194754669187545,0.603412452782963
lariOlg,Plain RF,2011-2040SSP585,2011-2040,SSP585,5,Top-5,7,0.602834085166259,0.25988070761968,0.807980831962965
lariOlg,Plain RF,2041-2070SSP585,2041-2070,SSP585,1,Top-1,7,0.155616322840319,0.0123303610917814,0.284933595396465
lariOlg,Plain RF,2041-2070SSP585,2041-2070,SSP585,3,Top-3,7,0.436124591625067,0.104522512871029,0.535427370258699
lariOlg,Plain RF,2041-2070SSP585,2041-2070,SSP585,5,Top-5,7,0.557361636909757,0.123103383863161,0.626359759309893
lariOlg,Plain RF,2071-2100SSP585,2071-2100,SSP585,1,Top-1,7,0.0996699941668286,0.00811955380860835,0.289292155709591
lariOlg,Plain RF,2071-2100SSP585,2071-2100,SSP585,3,Top-3,7,0.29737318000512,0.0341333037808788,0.468990662067459
lariOlg,Plain RF,2071-2100SSP585,2071-2100,SSP585,5,Top-5,7,0.351612474602465,0.0401207135426049,0.504059996501622
lariOlg,Plain MF RF,2011-2040SSP245,2011-2040,SSP245,1,Top-1,7,0.15434765893979,0.052540761736052,0.262565582277085
lariOlg,Plain MF RF,2011-2040SSP245,2011-2040,SSP245,3,Top-3,7,0.532863492264001,0.197663819398102,0.607111139363191
lariOlg,Plain MF RF,2011-2040SSP245,2011-2040,SSP245,5,Top-5,7,0.61189157524867,0.267305835721296,0.813607035411169
lariOlg,Plain MF RF,2041-2070SSP245,2041-2070,SSP245,1,Top-1,7,0.164370193234042,0.0126535893865899,0.273451099936818
lariOlg,Plain MF RF,2041-2070SSP245,2041-2070,SSP245,3,Top-3,7,0.495024158691097,0.128175507810694,0.570975826423284
lariOlg,Plain MF RF,2041-2070SSP245,2041-2070,SSP245,5,Top-5,7,0.592419020264499,0.166068408324791,0.712108616950377
lariOlg,Plain MF RF,2071-2100SSP245,2071-2100,SSP245,1,Top-1,7,0.148150991301697,0.0123732027267308,0.294008970985245
lariOlg,Plain MF RF,2071-2100SSP245,2071-2100,SSP245,3,Top-3,7,0.421537816718558,0.096489910429701,0.56811969295504
lariOlg,Plain MF RF,2071-2100SSP245,2071-2100,SSP245,5,Top-5,7,0.553170190577253,0.111729812312434,0.64059318764942
lariOlg,Plain MF RF,2011-2040SSP585,2011-2040,SSP585,1,Top-1,7,0.159210972768288,0.0464037380196606,0.264405985892695
lariOlg,Plain MF RF,2011-2040SSP585,2011-2040,SSP585,3,Top-3,7,0.534633749241562,0.191594058413909,0.602460007158991
lariOlg,Plain MF RF,2011-2040SSP585,2011-2040,SSP585,5,Top-5,7,0.609408422270231,0.256649924534127,0.806723830254419
lariOlg,Plain MF RF,2041-2070SSP585,2041-2070,SSP585,1,Top-1,7,0.150009579498458,0.0123806561661151,0.281404292416207
lariOlg,Plain MF RF,2041-2070SSP585,2041-2070,SSP585,3,Top-3,7,0.42075118406835,0.0984064556977241,0.546345095974217
lariOlg,Plain MF RF,2041-2070SSP585,2041-2070,SSP585,5,Top-5,7,0.558559300896576,0.115495071468822,0.625802674360986
lariOlg,Plain MF RF,2071-2100SSP585,2071-2100,SSP585,1,Top-1,7,0.0883968844666906,0.00674730919726911,0.305985187140836
lariOlg,Plain MF RF,2071-2100SSP585,2071-2100,SSP585,3,Top-3,7,0.286756610770881,0.0315071643056113,0.474770992395534
lariOlg,Plain MF RF,2071-2100SSP585,2071-2100,SSP585,5,Top-5,7,0.339654956338963,0.0377711176279922,0.506679930182352
pinuSyl,Plain RF,2011-2040SSP245,2011-2040,SSP245,1,Top-1,4,0.198465215311097,0.0996440887864549,0.37252061931875
pinuSyl,Plain RF,2011-2040SSP245,2011-2040,SSP245,3,Top-3,4,0.558663645145415,0.421661512702775,0.722413923292192
pinuSyl,Plain RF,2011-2040SSP245,2011-2040,SSP245,5,Top-5,4,0.730336724392833,0.549884492758483,0.896458844065728
pinuSyl,Plain RF,2041-2070SSP245,2041-2070,SSP245,1,Top-1,4,0.199801062958038,0.1018965460502,0.373446977581885
pinuSyl,Plain RF,2041-2070SSP245,2041-2070,SSP245,3,Top-3,4,0.482657406705437,0.331495902246946,0.698412658173575
pinuSyl,Plain RF,2041-2070SSP245,2041-2070,SSP245,5,Top-5,4,0.61149868245146,0.430096492842739,0.82719953869948
pinuSyl,Plain RF,2071-2100SSP245,2071-2100,SSP245,1,Top-1,4,0.186447779095919,0.0783406609023763,0.382067855747667
pinuSyl,Plain RF,2071-2100SSP245,2071-2100,SSP245,3,Top-3,4,0.437638909771291,0.269344345537868,0.692525036586384
pinuSyl,Plain RF,2071-2100SSP245,2071-2100,SSP245,5,Top-5,4,0.542225322787332,0.346803375125594,0.793456600105226
pinuSyl,Plain RF,2011-2040SSP585,2011-2040,SSP585,1,Top-1,4,0.201322905712774,0.103427614749005,0.371415829400603
pinuSyl,Plain RF,2011-2040SSP585,2011-2040,SSP585,3,Top-3,4,0.5571399052751,0.425221518470292,0.718024514375724
pinuSyl,Plain RF,2011-2040SSP585,2011-2040,SSP585,5,Top-5,4,0.722891664170947,0.545147949594675,0.889572693607707
pinuSyl,Plain RF,2041-2070SSP585,2041-2070,SSP585,1,Top-1,4,0.184057086413838,0.0877727282196014,0.368494427353569
pinuSyl,Plain RF,2041-2070SSP585,2041-2070,SSP585,3,Top-3,4,0.434854896268296,0.28413752348745,0.671475174511279
pinuSyl,Plain RF,2041-2070SSP585,2041-2070,SSP585,5,Top-5,4,0.543295187716877,0.362950317910271,0.778958771740128
pinuSyl,Plain RF,2071-2100SSP585,2071-2100,SSP585,1,Top-1,4,0.130000728009095,0.0326744709729669,0.375229178334639
pinuSyl,Plain RF,2071-2100SSP585,2071-2100,SSP585,3,Top-3,4,0.280714863775792,0.108247208342475,0.602546495739311
pinuSyl,Plain RF,2071-2100SSP585,2071-2100,SSP585,5,Top-5,4,0.333459184103297,0.144355057297609,0.656409410616281
pinuSyl,Plain MF RF,2011-2040SSP245,2011-2040,SSP245,1,Top-1,4,0.201776350301561,0.105306324724851,0.369811538669786
pinuSyl,Plain MF RF,2011-2040SSP245,2011-2040,SSP245,3,Top-3,4,0.564042255214478,0.427162239681436,0.720608044454268
pinuSyl,Plain MF RF,2011-2040SSP245,2011-2040,SSP245,5,Top-5,4,0.734629112029138,0.55266345050601,0.893955857623556
pinuSyl,Plain MF RF,2041-2070SSP245,2041-2070,SSP245,1,Top-1,4,0.2011922324686,0.108290874381024,0.366709284481415
pinuSyl,Plain MF RF,2041-2070SSP245,2041-2070,SSP245,3,Top-3,4,0.489373841927606,0.33231599818119,0.703030093995027
pinuSyl,Plain MF RF,2041-2070SSP245,2041-2070,SSP245,5,Top-5,4,0.610554002715371,0.42025273178324,0.829316282122136
pinuSyl,Plain MF RF,2071-2100SSP245,2071-2100,SSP245,1,Top-1,4,0.190176140306262,0.0792995498092901,0.38428247016379
pinuSyl,Plain MF RF,2071-2100SSP245,2071-2100,SSP245,3,Top-3,4,0.430722905192352,0.252209990679939,0.697642774272969
pinuSyl,Plain MF RF,2071-2100SSP245,2071-2100,SSP245,5,Top-5,4,0.527498169671213,0.320135966333341,0.797822101538013
pinuSyl,Plain MF RF,2011-2040SSP585,2011-2040,SSP585,1,Top-1,4,0.204668429391621,0.107713915494452,0.369095317230266
pinuSyl,Plain MF RF,2011-2040SSP585,2011-2040,SSP585,3,Top-3,4,0.564584525540194,0.431836335585051,0.718182060479831
pinuSyl,Plain MF RF,2011-2040SSP585,2011-2040,SSP585,5,Top-5,4,0.727779885164651,0.547150757788865,0.888914811502382
pinuSyl,Plain MF RF,2041-2070SSP585,2041-2070,SSP585,1,Top-1,4,0.185075308654293,0.0922953157808978,0.363562210410723
pinuSyl,Plain MF RF,2041-2070SSP585,2041-2070,SSP585,3,Top-3,4,0.42847944732684,0.268921491672605,0.676787418286583
pinuSyl,Plain MF RF,2041-2070SSP585,2041-2070,SSP585,5,Top-5,4,0.530234695349286,0.340181618019257,0.781496283158472
pinuSyl,Plain MF RF,2071-2100SSP585,2071-2100,SSP585,1,Top-1,4,0.129801246222399,0.0272457483905217,0.377961923119076
pinuSyl,Plain MF RF,2071-2100SSP585,2071-2100,SSP585,3,Top-3,4,0.267658863549132,0.0950566794929711,0.594979897626194
pinuSyl,Plain MF RF,2071-2100SSP585,2071-2100,SSP585,5,Top-5,4,0.316557620437802,0.128296158674408,0.646893114245036
querVar,Plain RF,2011-2040SSP245,2011-2040,SSP245,1,Top-1,17,0.154116874344455,0.0798329670636272,0.28511019273948
querVar,Plain RF,2011-2040SSP245,2011-2040,SSP245,3,Top-3,17,0.56736889404171,0.280629965374406,0.832162420398588
querVar,Plain RF,2011-2040SSP245,2011-2040,SSP245,5,Top-5,17,0.710480614431934,0.387703169076858,1.02324444377055
querVar,Plain RF,2041-2070SSP245,2041-2070,SSP245,1,Top-1,17,0.16392884206769,0.0648574520818605,0.239106821290668
querVar,Plain RF,2041-2070SSP245,2041-2070,SSP245,3,Top-3,17,0.50066923695142,0.294095644664852,0.729774312412677
querVar,Plain RF,2041-2070SSP245,2041-2070,SSP245,5,Top-5,17,0.632230786196299,0.351230915795429,1.02479935937329
querVar,Plain RF,2071-2100SSP245,2071-2100,SSP245,1,Top-1,17,0.146788053476868,0.0452516708432316,0.236145410412063
querVar,Plain RF,2071-2100SSP245,2071-2100,SSP245,3,Top-3,17,0.365237105375602,0.229448305119863,0.645123759217333
querVar,Plain RF,2071-2100SSP245,2071-2100,SSP245,5,Top-5,17,0.575059378191839,0.290769361604203,0.924276528347196
querVar,Plain RF,2011-2040SSP585,2011-2040,SSP585,1,Top-1,17,0.157720188303856,0.0838546370422822,0.282806507289548
querVar,Plain RF,2011-2040SSP585,2011-2040,SSP585,3,Top-3,17,0.56365792196866,0.27788597291038,0.835830551384755
querVar,Plain RF,2011-2040SSP585,2011-2040,SSP585,5,Top-5,17,0.709872870132848,0.386512148956142,1.02525404276079
querVar,Plain RF,2041-2070SSP585,2041-2070,SSP585,1,Top-1,17,0.136923784063579,0.0489430879469879,0.242304302739282
querVar,Plain RF,2041-2070SSP585,2041-2070,SSP585,3,Top-3,17,0.379319868618222,0.242130868197851,0.666234106272261
querVar,Plain RF,2041-2070SSP585,2041-2070,SSP585,5,Top-5,17,0.568222187711475,0.298364512252481,0.943776042301697
querVar,Plain RF,2071-2100SSP585,2071-2100,SSP585,1,Top-1,17,0.0996699941668286,0.0334115396720174,0.203649949984204
querVar,Plain RF,2071-2100SSP585,2071-2100,SSP585,3,Top-3,17,0.29737318000512,0.12139126080111,0.438270028335231
querVar,Plain RF,2071-2100SSP585,2071-2100,SSP585,5,Top-5,17,0.351612474602465,0.167535529559103,0.566420166556105
querVar,Plain MF RF,2011-2040SSP245,2011-2040,SSP245,1,Top-1,17,0.15434765893979,0.0796109316416284,0.283631433829457
querVar,Plain MF RF,2011-2040SSP245,2011-2040,SSP245,3,Top-3,17,0.56094204522725,0.28115523495191,0.835644257506178
querVar,Plain MF RF,2011-2040SSP245,2011-2040,SSP245,5,Top-5,17,0.717501952438608,0.39104481555889,1.00272986399537
querVar,Plain MF RF,2041-2070SSP245,2041-2070,SSP245,1,Top-1,17,0.161423023683792,0.0655928875316037,0.243434193287838
querVar,Plain MF RF,2041-2070SSP245,2041-2070,SSP245,3,Top-3,17,0.495024158691097,0.295701789042199,0.733837336951684
querVar,Plain MF RF,2041-2070SSP245,2041-2070,SSP245,5,Top-5,17,0.638283415041991,0.355639637819416,1.03336210289441
querVar,Plain MF RF,2071-2100SSP245,2071-2100,SSP245,1,Top-1,17,0.144734075599949,0.0474386074319107,0.235802458305994
querVar,Plain MF RF,2071-2100SSP245,2071-2100,SSP245,3,Top-3,17,0.382256372718087,0.230586824198542,0.662847525863426
querVar,Plain MF RF,2071-2100SSP245,2071-2100,SSP245,5,Top-5,17,0.553170190577253,0.293993285375247,0.948109889429058
querVar,Plain MF RF,2011-2040SSP585,2011-2040,SSP585,1,Top-1,17,0.159210972768288,0.0834272328787086,0.283092671954753
querVar,Plain MF RF,2011-2040SSP585,2011-2040,SSP585,3,Top-3,17,0.55688936439538,0.277735601329962,0.83659458342641
querVar,Plain MF RF,2011-2040SSP585,2011-2040,SSP585,5,Top-5,17,0.717757011565273,0.392487850346924,1.00650941305581
querVar,Plain MF RF,2041-2070SSP585,2041-2070,SSP585,1,Top-1,17,0.135794622109808,0.0477542953775889,0.237175333581366
querVar,Plain MF RF,2041-2070SSP585,2041-2070,SSP585,3,Top-3,17,0.403836252564449,0.243693900975428,0.679394385773055
querVar,Plain MF RF,2041-2070SSP585,2041-2070,SSP585,5,Top-5,17,0.558559300896576,0.303226751705111,0.957251277907977
querVar,Plain MF RF,2071-2100SSP585,2071-2100,SSP585,1,Top-1,17,0.0883968844666906,0.0318699289029414,0.200618177234636
querVar,Plain MF RF,2071-2100SSP585,2071-2100,SSP585,3,Top-3,17,0.286756610770881,0.113424174263926,0.428831164466811
querVar,Plain MF RF,2071-2100SSP585,2071-2100,SSP585,5,Top-5,17,0.339654956338963,0.159496596308228,0.618124694685938
robiPse,Plain RF,2011-2040SSP245,2011-2040,SSP245,1,Top-1,7,0.248607492213051,0.116974920704041,0.30647484423445
robiPse,Plain RF,2011-2040SSP245,2011-2040,SSP245,3,Top-3,7,0.56736889404171,0.432875969013783,0.616571129370105
robiPse,Plain RF,2011-2040SSP245,2011-2040,SSP245,5,Top-5,7,0.672039053099553,0.502286664800275,0.815658176999883
robiPse,Plain RF,2041-2070SSP245,2041-2070,SSP245,1,Top-1,7,0.271632094911422,0.116049369063637,0.317298841392678
robiPse,Plain RF,2041-2070SSP245,2041-2070,SSP245,3,Top-3,7,0.523886941853303,0.400109320102727,0.581952529955074
robiPse,Plain RF,2041-2070SSP245,2041-2070,SSP245,5,Top-5,7,0.632230786196299,0.461691066904049,0.71523533346776
robiPse,Plain RF,2071-2100SSP245,2071-2100,SSP245,1,Top-1,7,0.277213485590234,0.0973887907406485,0.317015230466164
robiPse,Plain RF,2071-2100SSP245,2071-2100,SSP245,3,Top-3,7,0.525081471847639,0.331613450176668,0.555443086328921
robiPse,Plain RF,2071-2100SSP245,2071-2100,SSP245,5,Top-5,7,0.575059378191839,0.425286504458567,0.63761167153239
robiPse,Plain RF,2011-2040SSP585,2011-2040,SSP585,1,Top-1,7,0.254016760227865,0.120787412673069,0.304439221116259
robiPse,Plain RF,2011-2040SSP585,2011-2040,SSP585,3,Top-3,7,0.56365792196866,0.434834113593081,0.609204952157786
robiPse,Plain RF,2011-2040SSP585,2011-2040,SSP585,5,Top-5,7,0.6657993939007,0.501384302012392,0.807980831962965
robiPse,Plain RF,2041-2070SSP585,2041-2070,SSP585,1,Top-1,7,0.258855543342417,0.102279705393654,0.319648115037493
robiPse,Plain RF,2041-2070SSP585,2041-2070,SSP585,3,Top-3,7,0.518277786404263,0.339127729911459,0.545767079499195
robiPse,Plain RF,2041-2070SSP585,2041-2070,SSP585,5,Top-5,7,0.577776516437604,0.427863074581119,0.634020671777962
robiPse,Plain RF,2071-2100SSP585,2071-2100,SSP585,1,Top-1,7,0.190427240647638,0.0629281340962002,0.289292155709591
robiPse,Plain RF,2071-2100SSP585,2071-2100,SSP585,3,Top-3,7,0.340894214767996,0.209382220403115,0.468990662067459
robiPse,Plain RF,2071-2100SSP585,2071-2100,SSP585,5,Top-5,7,0.360097997057318,0.254210808709017,0.504059996501622
robiPse,Plain MF RF,2011-2040SSP245,2011-2040,SSP245,1,Top-1,7,0.241499730724712,0.116979295290709,0.305745216571427
robiPse,Plain MF RF,2011-2040SSP245,2011-2040,SSP245,3,Top-3,7,0.56094204522725,0.432460542917165,0.61598583561604
robiPse,Plain MF RF,2011-2040SSP245,2011-2040,SSP245,5,Top-5,7,0.667349432729403,0.503705774213436,0.813607035411169
robiPse,Plain MF RF,2041-2070SSP245,2041-2070,SSP245,1,Top-1,7,0.265453674592307,0.114981540382823,0.312573805426153
robiPse,Plain MF RF,2041-2070SSP245,2041-2070,SSP245,3,Top-3,7,0.535966159370132,0.395408357625896,0.586058734951428
robiPse,Plain MF RF,2041-2070SSP245,2041-2070,SSP245,5,Top-5,7,0.633908725701219,0.474160143024481,0.712108616950377
robiPse,Plain MF RF,2071-2100SSP245,2071-2100,SSP245,1,Top-1,7,0.282414815500005,0.0943475901872461,0.315093295723337
robiPse,Plain MF RF,2071-2100SSP245,2071-2100,SSP245,3,Top-3,7,0.526415837845646,0.32606232045855,0.56811969295504
robiPse,Plain MF RF,2071-2100SSP245,2071-2100,SSP245,5,Top-5,7,0.575953010363169,0.42358173797625,0.64059318764942
robiPse,Plain MF RF,2011-2040SSP585,2011-2040,SSP585,1,Top-1,7,0.245719299830637,0.121319102823498,0.30390462956776
robiPse,Plain MF RF,2011-2040SSP585,2011-2040,SSP585,3,Top-3,7,0.55688936439538,0.43462900879915,0.610736482678313
robiPse,Plain MF RF,2011-2040SSP585,2011-2040,SSP585,5,Top-5,7,0.663050211262076,0.503396065134536,0.806723830254419
robiPse,Plain MF RF,2041-2070SSP585,2041-2070,SSP585,1,Top-1,7,0.254872376314642,0.0987257974505192,0.318830388732461
robiPse,Plain MF RF,2041-2070SSP585,2041-2070,SSP585,3,Top-3,7,0.536275470199754,0.332222542521889,0.548628676735201
robiPse,Plain MF RF,2041-2070SSP585,2041-2070,SSP585,5,Top-5,7,0.576660952912654,0.430893026300844,0.633577506811346
robiPse,Plain MF RF,2071-2100SSP585,2071-2100,SSP585,1,Top-1,7,0.183611408385856,0.0565664028176544,0.305985187140836
robiPse,Plain MF RF,2071-2100SSP585,2071-2100,SSP585,3,Top-3,7,0.338139511617241,0.205306320305283,0.474770992395534
robiPse,Plain MF RF,2071-2100SSP585,2071-2100,SSP585,5,Top-5,7,0.358275141134024,0.249575776323595,0.506679930182352
saliMat,Plain RF,2011-2040SSP245,2011-2040,SSP245,1,Top-1,3,0.28511019273948,0.18180378911243,0.45993104589802
saliMat,Plain RF,2011-2040SSP245,2011-2040,SSP245,3,Top-3,3,0.650362609125005,0.40789117178946,0.79446523745938
saliMat,Plain RF,2011-2040SSP245,2011-2040,SSP245,5,Top-5,3,0.854196977497454,0.576758147399488,0.938720710634002
saliMat,Plain RF,2041-2070SSP245,2041-2070,SSP245,1,Top-1,3,0.271632094911422,0.158578235017904,0.475261860252348
saliMat,Plain RF,2041-2070SSP245,2041-2070,SSP245,3,Top-3,3,0.598883210999803,0.36459537845157,0.797942105347347
saliMat,Plain RF,2041-2070SSP245,2041-2070,SSP245,5,Top-5,3,0.74682828150673,0.499807836315715,0.90757079589223
saliMat,Plain RF,2071-2100SSP245,2071-2100,SSP245,1,Top-1,3,0.277213485590234,0.157139033851962,0.486922225905099
saliMat,Plain RF,2071-2100SSP245,2071-2100,SSP245,3,Top-3,3,0.582518101763601,0.349611936494143,0.802531971409169
saliMat,Plain RF,2071-2100SSP245,2071-2100,SSP245,5,Top-5,3,0.697025602387899,0.454922104876062,0.889887597822552
saliMat,Plain RF,2011-2040SSP585,2011-2040,SSP585,1,Top-1,3,0.282806507289548,0.179351577088649,0.460025151511657
saliMat,Plain RF,2011-2040SSP585,2011-2040,SSP585,3,Top-3,3,0.643166983597265,0.402855921933617,0.792882045154183
saliMat,Plain RF,2011-2040SSP585,2011-2040,SSP585,5,Top-5,3,0.844345577223345,0.569200494208478,0.934799809992069
saliMat,Plain RF,2041-2070SSP585,2041-2070,SSP585,1,Top-1,3,0.258855543342417,0.149674387658498,0.478133311364722
saliMat,Plain RF,2041-2070SSP585,2041-2070,SSP585,3,Top-3,3,0.552576954113135,0.335884336038491,0.790373394909424
saliMat,Plain RF,2041-2070SSP585,2041-2070,SSP585,5,Top-5,3,0.674943002182181,0.445218176091511,0.882974541298075
saliMat,Plain RF,2071-2100SSP585,2071-2100,SSP585,1,Top-1,3,0.221810404449178,0.123998339237375,0.528647952220099
saliMat,Plain RF,2071-2100SSP585,2071-2100,SSP585,3,Top-3,3,0.438270028335231,0.268790644084037,0.766822963143392
saliMat,Plain RF,2071-2100SSP585,2071-2100,SSP585,5,Top-5,3,0.499382838647492,0.321422202056367,0.81343598258507
saliMat,Plain MF RF,2011-2040SSP245,2011-2040,SSP245,1,Top-1,3,0.283631433829457,0.180579765252267,0.455991643510115
saliMat,Plain MF RF,2011-2040SSP245,2011-2040,SSP245,3,Top-3,3,0.653280233499131,0.410405471930596,0.787935855409404
saliMat,Plain MF RF,2011-2040SSP245,2011-2040,SSP245,5,Top-5,3,0.857697855499619,0.578679199997039,0.930213859747493
saliMat,Plain MF RF,2041-2070SSP245,2041-2070,SSP245,1,Top-1,3,0.265453674592307,0.153359546617791,0.467964894370523
saliMat,Plain MF RF,2041-2070SSP245,2041-2070,SSP245,3,Top-3,3,0.605985493476435,0.371897285616767,0.800074694513619
saliMat,Plain MF RF,2041-2070SSP245,2041-2070,SSP245,5,Top-5,3,0.751507261395186,0.505099534122848,0.907125302849085
saliMat,Plain MF RF,2071-2100SSP245,2071-2100,SSP245,1,Top-1,3,0.282414815500005,0.157915480022115,0.486150124827575
saliMat,Plain MF RF,2071-2100SSP245,2071-2100,SSP245,3,Top-3,3,0.586027999714912,0.355135473879299,0.809257548831026
saliMat,Plain MF RF,2071-2100SSP245,2071-2100,SSP245,5,Top-5,3,0.698311205460189,0.457376045683755,0.897332997615837
saliMat,Plain MF RF,2011-2040SSP585,2011-2040,SSP585,1,Top-1,3,0.283092671954753,0.178789975919758,0.455097962505779
saliMat,Plain MF RF,2011-2040SSP585,2011-2040,SSP585,3,Top-3,3,0.648030649922601,0.406260135684708,0.78833347103706
saliMat,Plain MF RF,2011-2040SSP585,2011-2040,SSP585,5,Top-5,3,0.849716610984574,0.571432389339613,0.92811301202019
saliMat,Plain MF RF,2041-2070SSP585,2041-2070,SSP585,1,Top-1,3,0.254872376314642,0.145514910190859,0.472252044506805
saliMat,Plain MF RF,2041-2070SSP585,2041-2070,SSP585,3,Top-3,3,0.55641472174868,0.342736050680684,0.797160114824487
saliMat,Plain MF RF,2041-2070SSP585,2041-2070,SSP585,5,Top-5,3,0.674944395809317,0.447579492132375,0.888048170507627
saliMat,Plain MF RF,2071-2100SSP585,2071-2100,SSP585,1,Top-1,3,0.227732563541856,0.126234242355237,0.528191282696296
saliMat,Plain MF RF,2071-2100SSP585,2071-2100,SSP585,3,Top-3,3,0.428831164466811,0.266240714446985,0.761128630785577
saliMat,Plain MF RF,2071-2100SSP585,2071-2100,SSP585,5,Top-5,3,0.486243864003226,0.31640742263922,0.807542364486845
phylPub,Plain RF,2011-2040SSP245,2011-2040,SSP245,1,Top-1,8,0.241199970803523,0.107565608203264,0.264029095256919
phylPub,Plain RF,2011-2040SSP245,2011-2040,SSP245,3,Top-3,8,0.747813003552796,0.37932429662089,1.00277271850938
phylPub,Plain RF,2011-2040SSP245,2011-2040,SSP245,5,Top-5,8,0.991732476358387,0.629786253093165,1.36352328328729
phylPub,Plain RF,2041-2070SSP245,2041-2070,SSP245,1,Top-1,8,0.164387119118762,0.114798235282804,0.234145012376395
phylPub,Plain RF,2041-2070SSP245,2041-2070,SSP245,3,Top-3,8,0.615221774682049,0.337320188846851,1.06699883497112
phylPub,Plain RF,2041-2070SSP245,2041-2070,SSP245,5,Top-5,8,0.831551956187648,0.548849799300972,1.43928122918944
phylPub,Plain RF,2071-2100SSP245,2071-2100,SSP245,1,Top-1,8,0.133038756109056,0.0718211074916384,0.232661525830228
phylPub,Plain RF,2071-2100SSP245,2071-2100,SSP245,3,Top-3,8,0.505180432296467,0.306237067202099,1.1340892232824
phylPub,Plain RF,2071-2100SSP245,2071-2100,SSP245,5,Top-5,8,0.754725182597436,0.423980917127364,1.47001310270716
phylPub,Plain RF,2011-2040SSP585,2011-2040,SSP585,1,Top-1,8,0.234590105447812,0.111085221366009,0.26516076055465
phylPub,Plain RF,2011-2040SSP585,2011-2040,SSP585,3,Top-3,8,0.747169494198678,0.377609932431438,1.02604854437638
phylPub,Plain RF,2011-2040SSP585,2011-2040,SSP585,5,Top-5,8,0.995782291329468,0.629032689838672,1.38672009379259
phylPub,Plain RF,2041-2070SSP585,2041-2070,SSP585,1,Top-1,8,0.13209992566473,0.081050243212665,0.224647190570728
phylPub,Plain RF,2041-2070SSP585,2041-2070,SSP585,3,Top-3,8,0.522776987445242,0.302515793757596,1.11141768254841
phylPub,Plain RF,2041-2070SSP585,2041-2070,SSP585,5,Top-5,8,0.755999115006586,0.447997534551073,1.45334682687816
phylPub,Plain RF,2071-2100SSP585,2071-2100,SSP585,1,Top-1,8,0.101110411256882,0.0337213290348396,0.181591236336198
phylPub,Plain RF,2071-2100SSP585,2071-2100,SSP585,3,Top-3,8,0.319221102262283,0.188808453582969,1.19839909298931
phylPub,Plain RF,2071-2100SSP585,2071-2100,SSP585,5,Top-5,8,0.494178764030919,0.260793672489419,1.42748972647123
phylPub,Plain MF RF,2011-2040SSP245,2011-2040,SSP245,1,Top-1,8,0.237653316088039,0.109360860009394,0.261957426384172
phylPub,Plain MF RF,2011-2040SSP245,2011-2040,SSP245,3,Top-3,8,0.747304252111391,0.382756826791618,0.999545528394951
phylPub,Plain MF RF,2011-2040SSP245,2011-2040,SSP245,5,Top-5,8,0.990638257688199,0.635887668218678,1.35520741288659
phylPub,Plain MF RF,2041-2070SSP245,2041-2070,SSP245,1,Top-1,8,0.168160522398284,0.11469602436194,0.236606163047092
phylPub,Plain MF RF,2041-2070SSP245,2041-2070,SSP245,3,Top-3,8,0.627974984094412,0.337684364948047,1.09409153413238
phylPub,Plain MF RF,2041-2070SSP245,2041-2070,SSP245,5,Top-5,8,0.844727055504201,0.559001424757618,1.47166646482187
phylPub,Plain MF RF,2071-2100SSP245,2071-2100,SSP245,1,Top-1,8,0.129786718516114,0.0796647879610161,0.232387571530785
phylPub,Plain MF RF,2071-2100SSP245,2071-2100,SSP245,3,Top-3,8,0.522551949290756,0.313367055119731,1.17673158464024
phylPub,Plain MF RF,2071-2100SSP245,2071-2100,SSP245,5,Top-5,8,0.770256217446076,0.443702295153907,1.51893207563877
phylPub,Plain MF RF,2011-2040SSP585,2011-2040,SSP585,1,Top-1,8,0.23198859822198,0.113504756696522,0.264881644739674
phylPub,Plain MF RF,2011-2040SSP585,2011-2040,SSP585,3,Top-3,8,0.746413833427282,0.381750971493872,1.02430766498674
phylPub,Plain MF RF,2011-2040SSP585,2011-2040,SSP585,5,Top-5,8,0.996963065135225,0.636439721260686,1.37681069949328
phylPub,Plain MF RF,2041-2070SSP585,2041-2070,SSP585,1,Top-1,8,0.129750597829469,0.0893120251922357,0.226567511057297
phylPub,Plain MF RF,2041-2070SSP585,2041-2070,SSP585,3,Top-3,8,0.541615319168752,0.303767057531107,1.14140623102874
phylPub,Plain MF RF,2041-2070SSP585,2041-2070,SSP585,5,Top-5,8,0.767061310065069,0.467199098372979,1.49483129038037
phylPub,Plain MF RF,2071-2100SSP585,2071-2100,SSP585,1,Top-1,8,0.0981630530910357,0.0355963648087567,0.207299561843324
phylPub,Plain MF RF,2071-2100SSP585,2071-2100,SSP585,3,Top-3,8,0.328694891616091,0.192479574292734,1.30277252455339
phylPub,Plain MF RF,2071-2100SSP585,2071-2100,SSP585,5,Top-5,8,0.517795901105477,0.262220093571206,1.54049290517388
pinuYun,Plain RF,2011-2040SSP245,2011-2040,SSP245,1,Top-1,15,0.141821970500442,0.0908583065253216,0.241199970803523
pinuYun,Plain RF,2011-2040SSP245,2011-2040,SSP245,3,Top-3,15,0.512523944836461,0.258461439432699,0.747813003552796
pinuYun,Plain RF,2011-2040SSP245,2011-2040,SSP245,5,Top-5,15,0.710480614431934,0.372002541654268,1.01180402034804
pinuYun,Plain RF,2041-2070SSP245,2041-2070,SSP245,1,Top-1,15,0.16392884206769,0.109993282060737,0.180372953452345
pinuYun,Plain RF,2041-2070SSP245,2041-2070,SSP245,3,Top-3,15,0.50066923695142,0.285212736455226,0.730472215203526
pinuYun,Plain RF,2041-2070SSP245,2041-2070,SSP245,5,Top-5,15,0.63830455300201,0.369430556270804,0.993902357806614
pinuYun,Plain RF,2071-2100SSP245,2071-2100,SSP245,1,Top-1,15,0.146788053476868,0.0830983457337654,0.225748071587167
pinuYun,Plain RF,2071-2100SSP245,2071-2100,SSP245,3,Top-3,15,0.365237105375602,0.276769808839435,0.733963883013501
pinuYun,Plain RF,2071-2100SSP245,2071-2100,SSP245,5,Top-5,15,0.575059378191839,0.365638476062495,0.981469020620532
pinuYun,Plain RF,2011-2040SSP585,2011-2040,SSP585,1,Top-1,15,0.140679018018258,0.0974887394491925,0.234590105447812
pinuYun,Plain RF,2011-2040SSP585,2011-2040,SSP585,3,Top-3,15,0.5087989766002,0.260032612319388,0.747169494198678
pinuYun,Plain RF,2011-2040SSP585,2011-2040,SSP585,5,Top-5,15,0.709872870132848,0.370465801916125,1.01796902233456
pinuYun,Plain RF,2041-2070SSP585,2041-2070,SSP585,1,Top-1,15,0.136923784063579,0.0924350305840335,0.221169376107199
pinuYun,Plain RF,2041-2070SSP585,2041-2070,SSP585,3,Top-3,15,0.379319868618222,0.292629304546647,0.733510996306811
pinuYun,Plain RF,2041-2070SSP585,2041-2070,SSP585,5,Top-5,15,0.568222187711475,0.373577378954395,0.984202750794244
pinuYun,Plain RF,2071-2100SSP585,2071-2100,SSP585,1,Top-1,15,0.0996699941668286,0.0404791207484202,0.21892824460234
pinuYun,Plain RF,2071-2100SSP585,2071-2100,SSP585,3,Top-3,15,0.29737318000512,0.199137547125589,0.905908121038834
pinuYun,Plain RF,2071-2100SSP585,2071-2100,SSP585,5,Top-5,15,0.351612474602465,0.279231494912864,1.04901281111396
pinuYun,Plain MF RF,2011-2040SSP245,2011-2040,SSP245,1,Top-1,15,0.14151562689301,0.095790145311099,0.237653316088039
pinuYun,Plain MF RF,2011-2040SSP245,2011-2040,SSP245,3,Top-3,15,0.510576915769027,0.258887404125425,0.747304252111391
pinuYun,Plain MF RF,2011-2040SSP245,2011-2040,SSP245,5,Top-5,15,0.717501952438608,0.373784608049989,1.01808000140844
pinuYun,Plain MF RF,2041-2070SSP245,2041-2070,SSP245,1,Top-1,15,0.161423023683792,0.114214156754733,0.183797453827057
pinuYun,Plain MF RF,2041-2070SSP245,2041-2070,SSP245,3,Top-3,15,0.495024158691097,0.287301644982847,0.737677511668389
pinuYun,Plain MF RF,2041-2070SSP245,2041-2070,SSP245,5,Top-5,15,0.656092008113996,0.371829016817577,1.005679780139
pinuYun,Plain MF RF,2071-2100SSP245,2071-2100,SSP245,1,Top-1,15,0.144734075599949,0.0873522268126109,0.22689323324363
pinuYun,Plain MF RF,2071-2100SSP245,2071-2100,SSP245,3,Top-3,15,0.382256372718087,0.270081203028535,0.75010257855994
pinuYun,Plain MF RF,2071-2100SSP245,2071-2100,SSP245,5,Top-5,15,0.553170190577253,0.35818740406326,1.00389567153757
pinuYun,Plain MF RF,2011-2040SSP585,2011-2040,SSP585,1,Top-1,15,0.139695600333467,0.101703946703678,0.23198859822198
pinuYun,Plain MF RF,2011-2040SSP585,2011-2040,SSP585,3,Top-3,15,0.506846320639462,0.260399980648484,0.746413833427282
pinuYun,Plain MF RF,2011-2040SSP585,2011-2040,SSP585,5,Top-5,15,0.717757011565273,0.373590400963039,1.02513125333737
pinuYun,Plain MF RF,2041-2070SSP585,2041-2070,SSP585,1,Top-1,15,0.135794622109808,0.0977665736629339,0.224221371189426
pinuYun,Plain MF RF,2041-2070SSP585,2041-2070,SSP585,3,Top-3,15,0.403836252564449,0.289070398545472,0.746722824427802
pinuYun,Plain MF RF,2041-2070SSP585,2041-2070,SSP585,5,Top-5,15,0.558559300896576,0.371012018558498,1.00069222880651
pinuYun,Plain MF RF,2071-2100SSP585,2071-2100,SSP585,1,Top-1,15,0.0883968844666906,0.0388487461707645,0.213980946452011
pinuYun,Plain MF RF,2071-2100SSP585,2071-2100,SSP585,3,Top-3,15,0.286756610770881,0.198545851353986,0.926402293067015
pinuYun,Plain MF RF,2071-2100SSP585,2071-2100,SSP585,5,Top-5,15,0.339654956338963,0.278161416664343,1.06745539973646
chamFor,Plain RF,2011-2040SSP245,2011-2040,SSP245,1,Top-1,7,0.135166533597872,0.075701870329191,0.194641015496834
chamFor,Plain RF,2011-2040SSP245,2011-2040,SSP245,3,Top-3,7,0.280629965374406,0.181200553229809,0.632192539822547
chamFor,Plain RF,2011-2040SSP245,2011-2040,SSP245,5,Top-5,7,0.356301914231678,0.2575926711876,0.943713589779731
chamFor,Plain RF,2041-2070SSP245,2041-2070,SSP245,1,Top-1,7,0.152756621912314,0.0750223883486898,0.175952505628595
chamFor,Plain RF,2041-2070SSP245,2041-2070,SSP245,3,Top-3,7,0.29508654068641,0.170125108996704,0.55871249138027
chamFor,Plain RF,2041-2070SSP245,2041-2070,SSP245,5,Top-5,7,0.354946680798945,0.225441143608779,0.826121774826905
chamFor,Plain RF,2071-2100SSP245,2071-2100,SSP245,1,Top-1,7,0.146788053476868,0.0655236350847493,0.193989002212573
chamFor,Plain RF,2071-2100SSP245,2071-2100,SSP245,3,Top-3,7,0.315930976375202,0.172655218667214,0.505180432296467
chamFor,Plain RF,2071-2100SSP245,2071-2100,SSP245,5,Top-5,7,0.358431011217762,0.210295604280648,0.754725182597436
chamFor,Plain RF,2011-2040SSP585,2011-2040,SSP585,1,Top-1,7,0.13386900877467,0.0762560758913673,0.187122767414609
chamFor,Plain RF,2011-2040SSP585,2011-2040,SSP585,3,Top-3,7,0.27788597291038,0.173568665292245,0.632770619477626
chamFor,Plain RF,2011-2040SSP585,2011-2040,SSP585,5,Top-5,7,0.354419454876108,0.244015423525789,0.949165355528802
chamFor,Plain RF,2041-2070SSP585,2041-2070,SSP585,1,Top-1,7,0.136923784063579,0.0693714027233435,0.187729223670535
chamFor,Plain RF,2041-2070SSP585,2041-2070,SSP585,3,Top-3,7,0.312672177193712,0.169530199449326,0.507988119926889
chamFor,Plain RF,2041-2070SSP585,2041-2070,SSP585,5,Top-5,7,0.355496956061093,0.208784946055097,0.755999115006586
chamFor,Plain RF,2071-2100SSP585,2071-2100,SSP585,1,Top-1,7,0.149552646190541,0.0313939053566715,0.229529158469277
chamFor,Plain RF,2071-2100SSP585,2071-2100,SSP585,3,Top-3,7,0.319283244806107,0.171016398101849,0.334567074948736
chamFor,Plain RF,2071-2100SSP585,2071-2100,SSP585,5,Top-5,7,0.33588303823131,0.218855678479904,0.494178764030919
chamFor,Plain MF RF,2011-2040SSP245,2011-2040,SSP245,1,Top-1,7,0.134140912724759,0.0764857746503632,0.192733799480169
chamFor,Plain MF RF,2011-2040SSP245,2011-2040,SSP245,3,Top-3,7,0.28115523495191,0.180099444851607,0.635200976296729
chamFor,Plain MF RF,2011-2040SSP245,2011-2040,SSP245,5,Top-5,7,0.356524400541089,0.254380873571857,0.949109425675653
chamFor,Plain MF RF,2041-2070SSP245,2041-2070,SSP245,1,Top-1,7,0.152765772015656,0.0747724866704901,0.174563418360191
chamFor,Plain MF RF,2041-2070SSP245,2041-2070,SSP245,3,Top-3,7,0.295701789042199,0.170675797209791,0.560040030192939
chamFor,Plain MF RF,2041-2070SSP245,2041-2070,SSP245,5,Top-5,7,0.355639637819416,0.220830123963989,0.835822758968198
chamFor,Plain MF RF,2071-2100SSP245,2071-2100,SSP245,1,Top-1,7,0.144734075599949,0.0633172123872691,0.196675809247147
chamFor,Plain MF RF,2071-2100SSP245,2071-2100,SSP245,3,Top-3,7,0.31643092206463,0.175206049624338,0.513298432600017
chamFor,Plain MF RF,2071-2100SSP245,2071-2100,SSP245,5,Top-5,7,0.359689674244283,0.210395032970722,0.770256217446076
chamFor,Plain MF RF,2011-2040SSP585,2011-2040,SSP585,1,Top-1,7,0.133060507099395,0.0772186746761007,0.185525417982415
chamFor,Plain MF RF,2011-2040SSP585,2011-2040,SSP585,3,Top-3,7,0.277735601329962,0.171706682257343,0.634836091002649
chamFor,Plain MF RF,2011-2040SSP585,2011-2040,SSP585,5,Top-5,7,0.354692951579155,0.239755956713638,0.95646228540217
chamFor,Plain MF RF,2041-2070SSP585,2041-2070,SSP585,1,Top-1,7,0.135794622109808,0.0675826809294489,0.189271656196988
chamFor,Plain MF RF,2041-2070SSP585,2041-2070,SSP585,3,Top-3,7,0.313357082308609,0.170725489555,0.514458827267796
chamFor,Plain MF RF,2041-2070SSP585,2041-2070,SSP585,5,Top-5,7,0.356499042227741,0.206338953664527,0.767061310065069
chamFor,Plain MF RF,2071-2100SSP585,2071-2100,SSP585,1,Top-1,7,0.147063914909236,0.0297640167216722,0.225749129595845
chamFor,Plain MF RF,2071-2100SSP585,2071-2100,SSP585,3,Top-3,7,0.32120269091257,0.16832408943392,0.350153113716493
chamFor,Plain MF RF,2071-2100SSP585,2071-2100,SSP585,5,Top-5,7,0.340058640975809,0.220637075699772,0.517795901105477
cyclLon,Plain RF,2011-2040SSP245,2011-2040,SSP245,1,Top-1,6,0.129232889062514,0.0519031832302083,0.137051495175926
cyclLon,Plain RF,2011-2040SSP245,2011-2040,SSP245,3,Top-3,6,0.245677798898777,0.16643801363314,0.394324485778481
cyclLon,Plain RF,2011-2040SSP245,2011-2040,SSP245,5,Top-5,6,0.317210785851614,0.247329178045624,0.62193593938187
cyclLon,Plain RF,2041-2070SSP245,2041-2070,SSP245,1,Top-1,6,0.144743430733654,0.0441684627455375,0.178483866793595
cyclLon,Plain RF,2041-2070SSP245,2041-2070,SSP245,3,Top-3,6,0.278782070325165,0.123948863513096,0.364509637932499
cyclLon,Plain RF,2041-2070SSP245,2041-2070,SSP245,5,Top-5,6,0.318996990266513,0.196638065546128,0.55931981291013
cyclLon,Plain RF,2071-2100SSP245,2071-2100,SSP245,1,Top-1,6,0.157157262777283,0.0455153719404076,0.207220267280011
cyclLon,Plain RF,2071-2100SSP245,2071-2100,SSP245,3,Top-3,6,0.303892285155859,0.113056031032563,0.352910573125502
cyclLon,Plain RF,2071-2100SSP245,2071-2100,SSP245,5,Top-5,6,0.33313000616978,0.161528905860072,0.528488130440196
cyclLon,Plain RF,2011-2040SSP585,2011-2040,SSP585,1,Top-1,6,0.130605036918427,0.050713581305959,0.138645026256309
cyclLon,Plain RF,2011-2040SSP585,2011-2040,SSP585,3,Top-3,6,0.246426862644904,0.152869121748654,0.391754508905467
cyclLon,Plain RF,2011-2040SSP585,2011-2040,SSP585,5,Top-5,6,0.301443693056367,0.241789169670369,0.621009516318663
cyclLon,Plain RF,2041-2070SSP585,2041-2070,SSP585,1,Top-1,6,0.150771330834423,0.0428309996514997,0.199284396703169
cyclLon,Plain RF,2041-2070SSP585,2041-2070,SSP585,3,Top-3,6,0.299763888672878,0.110867499097967,0.340474644484566
cyclLon,Plain RF,2041-2070SSP585,2041-2070,SSP585,5,Top-5,6,0.329026558433484,0.161899338679707,0.515040879798879
cyclLon,Plain RF,2071-2100SSP585,2071-2100,SSP585,1,Top-1,6,0.176601298087372,0.0449778873402252,0.242468762711814
cyclLon,Plain RF,2071-2100SSP585,2071-2100,SSP585,3,Top-3,6,0.3048833175311,0.111282902024728,0.320702312923277
cyclLon,Plain RF,2071-2100SSP585,2071-2100,SSP585,5,Top-5,6,0.334285760599934,0.161939276235577,0.400423780687127
cyclLon,Plain MF RF,2011-2040SSP245,2011-2040,SSP245,1,Top-1,6,0.12967691637881,0.0521222019591139,0.136083810603974
cyclLon,Plain MF RF,2011-2040SSP245,2011-2040,SSP245,3,Top-3,6,0.24675177117375,0.163975013579616,0.396357080053437
cyclLon,Plain MF RF,2011-2040SSP245,2011-2040,SSP245,5,Top-5,6,0.313276517383804,0.246556993244525,0.627257564464228
cyclLon,Plain MF RF,2041-2070SSP245,2041-2070,SSP245,1,Top-1,6,0.144246412596282,0.0442952034172815,0.178969302781357
cyclLon,Plain MF RF,2041-2070SSP245,2041-2070,SSP245,3,Top-3,6,0.28210847238732,0.121756117948466,0.363607489836195
cyclLon,Plain MF RF,2041-2070SSP245,2041-2070,SSP245,5,Top-5,6,0.321343692474324,0.187721312381368,0.567622470736347
cyclLon,Plain MF RF,2071-2100SSP245,2071-2100,SSP245,1,Top-1,6,0.157097650117162,0.0450298164066814,0.210283101553532
cyclLon,Plain MF RF,2071-2100SSP245,2071-2100,SSP245,3,Top-3,6,0.307087424540922,0.1139371109279,0.351919735018614
cyclLon,Plain MF RF,2071-2100SSP245,2071-2100,SSP245,5,Top-5,6,0.335569037029559,0.159868349548665,0.534224327658391
cyclLon,Plain MF RF,2011-2040SSP585,2011-2040,SSP585,1,Top-1,6,0.131385113583989,0.0509731519798595,0.138572636576129
cyclLon,Plain MF RF,2011-2040SSP585,2011-2040,SSP585,3,Top-3,6,0.247568169447381,0.148859654603614,0.394242099266656
cyclLon,Plain MF RF,2011-2040SSP585,2011-2040,SSP585,5,Top-5,6,0.297994723791044,0.23898568706899,0.626990996568743
cyclLon,Plain MF RF,2041-2070SSP585,2041-2070,SSP585,1,Top-1,6,0.151269481663212,0.0425427467597787,0.200535313687173
cyclLon,Plain MF RF,2041-2070SSP585,2041-2070,SSP585,3,Top-3,6,0.302031721945798,0.110735053541006,0.340481722149054
cyclLon,Plain MF RF,2041-2070SSP585,2041-2070,SSP585,5,Top-5,6,0.330779339404784,0.156978612205877,0.521778267223555
cyclLon,Plain MF RF,2071-2100SSP585,2071-2100,SSP585,1,Top-1,6,0.172420859710505,0.0444653603551909,0.23973479213788
cyclLon,Plain MF RF,2071-2100SSP585,2071-2100,SSP585,3,Top-3,6,0.303685262278677,0.109402217328488,0.327113881112334
cyclLon,Plain MF RF,2071-2100SSP585,2071-2100,SSP585,5,Top-5,6,0.339312522468657,0.161672411568905,0.398114990887714
