method,method_label,niche,zone,probability_threshold,sampling,n_test,presence,absence,n_variables,variables,TP,TN,FP,FN,accuracy,balanced_accuracy,sensitivity,specificity,precision,f1,tss,auc
mf_var,Plain MF RF,climate,1,0.5,all presence + equal modeled-zone absence,8992,4496,4496,21,"Eref,CMD,DD_18_sm,DD5_sm,DD5,EXT,RH_sp,DD_0_at,PAS_wt,RH_at,CMD_sp,Eref_at,Tmin_sm,NFFD_at,CMD_sm,PPT_wt,MAP,PPT_sp,PPT_sm,PPT_at,Eref_sm",4451,4401,95,45,0.984430604982206,0.984430604982206,0.989991103202847,0.978870106761566,0.979102507699076,0.984516699845167,0.968861209964413,0.998579772569686
mf_var,Plain MF RF,climate,2,0.5,all presence + equal modeled-zone absence,170052,85026,85026,21,"Tmin_sm,MWMT,DD_0_at,MCMT,DD5,Eref_sm,Eref_at,PAS_at,PAS_sp,Eref,DD5_sm,CMD,DD5_sp,EXT,CMD_sp,PPT_at,RH_wt,CMD_sm,PPT_sp,MAP,PPT_sm",82100,80621,4405,2926,0.956889657281302,0.956889657281302,0.96558699691859,0.948192317644015,0.949078087971793,0.957261369664959,0.913779314562604,
mf_var,Plain MF RF,climate,3,0.5,all presence + equal modeled-zone absence,332444,166222,166222,21,"DD_0_wt,DD_0,CMD,Tmin_at,Eref_at,EXT,DD_18_wt,TD,DD_18_sm,AHM,PPT_wt,Tmin_sm,DD_0_sp,DD18_sm,RH_wt,PPT_at,PPT_sm,DD5_sm,PPT_sp,CMD_sp,MAP",156166,151533,14689,10056,0.925566411185042,0.925566411185042,0.939502592917905,0.911630229452178,0.914026513710456,0.926589473621754,0.851132822370083,
mf_var,Plain MF RF,climate,4,0.5,all presence + equal modeled-zone absence,55152,27576,27576,21,"DD18_sm,DD_0_at,Tmin_sm,Eref,EXT,DD5,DD5_sm,CMD_at,AHM,Eref_sm,Eref_at,PPT_wt,CMD,RH_wt,PPT_sp,PPT_at,CMD_sp,MAP,TD,CMD_sm,PPT_sm",27155,26024,1552,421,0.964226138671308,0.964226138671308,0.984733101247462,0.943719176095155,0.945936531159647,0.964945010038555,0.928452277342617,0.990105199890017
mf_var,Plain MF RF,climate,5,0.5,all presence + equal modeled-zone absence,115288,57644,57644,21,"Tmax_wt,Eref_at,RH_at,CMD_at,EMT,Eref,DD5_at,DD_0,CMD_sp,TD,AHM,CMD_sm,EXT,RH_wt,CMD,MAP,PPT_sp,DD5_sm,PPT_at,PPT_wt,PPT_sm",54920,52218,5426,2724,0.929307473457775,0.929307473457775,0.952744431337173,0.905870515578378,0.910085175488019,0.930926349690652,0.858614946915551,
mf_var,Plain MF RF,climate,6,0.5,all presence + equal modeled-zone absence,54422,27211,27211,21,"AHM,CMD,CMD_sp,DD18_sm,Tmin_sm,DD_18,DD18,DD5_sm,PAS,Eref_at,Eref_sm,RH_wt,PPT_sp,PPT_wt,MAP,Eref,CMD_sm,CMD_at,PPT_at,TD,PPT_sm",26800,26164,1047,411,0.973209363860204,0.973209363860204,0.98489581419279,0.961522913527618,0.96240169497612,0.973518834683425,0.946418727720407,0.992953711412861
mf_var,Plain MF RF,climate,7,0.5,all presence + equal modeled-zone absence,133316,66658,66658,21,"Tmin_wt,RH_at,DD_18_wt,CMD_sp,MCMT,PPT_at,DD5_sm,RH_sm,MAP,CMD_sm,PPT_wt,RH_wt,EXT,TD,AHM,CMD,CMD_at,Eref_at,Tmax_wt,Tmin_sm,PPT_sm",62765,60136,6522,3893,0.921877344054727,0.921877344054727,0.941597407662996,0.902157280446458,0.905869787983316,0.923388134907499,0.843754688109454,
mf_var,Plain MF RF,climate,9,0.5,all presence + equal modeled-zone absence,18334,9167,9167,21,"DD_18_at,AHM,PPT_wt,DD18,DD5,DD18_sm,DD_0_at,DD5_sm,Eref_sm,RH_at,CMD_sm,EXT,Tmin_sm,MCMT,PPT_sm,Eref,MAP,PAS,TD,PPT_at,PPT_sp",9150,9003,164,17,0.990127631722483,0.990127631722483,0.998145521981019,0.982109741463947,0.982392097917114,0.990206157675451,0.980255263444966,0.997824020735253
mf_var,Plain MF RF,climate,10,0.5,all presence + equal modeled-zone absence,88264,44132,44132,21,"Eref,Eref_at,AHM,NFFD,DD5_sp,MWMT,CMD_sp,PPT_sp,Tmin_wt,DD5_sm,Tmax_wt,DD_18_sp,RH_sm,PPT_wt,PPT_at,Tmax_sp,PPT_sm,EMT,MAP,EXT,TD",43358,42181,1951,774,0.969126710776761,0.969126710776761,0.982461705791716,0.955791715761805,0.956940122271513,0.969532988226876,0.938253421553521,0.989832401079188
mf_var,Plain MF RF,climate,11,0.5,all presence + equal modeled-zone absence,87926,43963,43963,21,"DD_0_wt,DD_0_at,Tmax_wt,DD_18_at,PAS,CMD_sp,DD18,Eref,DD5_sm,Tmin_sm,DD5,PPT_sp,TD,AHM,CMD,PPT_sm,CMD_at,PPT_at,MAP,CMD_sm,RH_wt",42873,41676,2287,1090,0.961592702954757,0.961592702954757,0.975206423583468,0.947978982326047,0.949357838795394,0.962108546615352,0.923185405909515,0.989433966922106
mf_var,Plain MF RF,climate,12,0.5,all presence + equal modeled-zone absence,224972,112486,112486,21,"CMD_sp,CMD_at,Eref,DD_18_wt,DD_0_sp,CMD,Eref_at,RH_wt,Tmin_sm,RH_at,DD_18_sp,DD5_sp,DD5_sm,AHM,PPT_wt,PPT_sp,PPT_at,CMD_sm,MAP,PPT_sm,TD",109611,105268,7218,2875,0.955136639226215,0.955136639226215,0.974441263801718,0.935832014650712,0.938217394653725,0.955986307044895,0.91027327845243,
mf_var,Plain MF RF,climate,13,0.5,all presence + equal modeled-zone absence,373098,186549,186549,21,"PPT_at,CMD_at,Tmin_wt,PAS_wt,DD_18_sp,CMD,Tmin_sp,DD5_sp,Tmin_sm,Eref,Eref_sm,MWMT,RH_wt,DD5_sm,MAP,AHM,PPT_sp,EXT,CMD_sm,PPT_sm,TD",178662,172412,14137,7887,0.940969932832661,0.940969932832661,0.957721563771449,0.924218301893873,0.926674930886571,0.941942490800004,0.881939865665321,
mf_var,Plain MF RF,climate,14,0.5,all presence + equal modeled-zone absence,19732,9866,9866,21,"RH_sp,CMD_sp,DD18_sm,EMT,DD_0,Tmin_wt,DD_18_wt,AHM,DD_18_at,DD5,DD5_sm,MAP,DD_18,DD_0_wt,DD18,Eref_sm,Eref,CMD,Eref_at,CMD_sm,TD",9822,9631,235,44,0.985860531116967,0.985860531116967,0.995540239205352,0.976180823028583,0.97663319081237,0.985996084926969,0.971721062233935,0.997605348318594
mf_var,Plain MF RF,climate,15,0.5,all presence + equal modeled-zone absence,142544,71272,71272,21,"Eref_sp,Eref_at,CMD_sp,PPT_sp,AHM,EMT,Eref,DD_18_at,RH_at,DD_0_wt,DD_18_wt,DD_0,Tmin_at,DD18_sm,DD5_sm,MAP,DD18,Tmin_sm,RH_wt,PPT_sm,TD",68411,65914,5358,2861,0.942340610618476,0.942340610618476,0.959858008755191,0.92482321248176,0.92736786455015,0.943333264387311,0.884681221236951,
mf_var,Plain MF RF,climate,16,0.5,all presence + equal modeled-zone absence,550490,275245,275245,21,"EMT,DD_0,RH_sm,MCMT,CMD_sm,DD_18_wt,AHM,DD_0_wt,PPT_wt,TD,DD5_sm,Tmax_sm,PAS,DD_18_sm,RH_at,Tmax_wt,PAS_wt,PPT_sm,PPT_at,MAP,PPT_sp",265238,253624,21621,10007,0.942545731984232,0.942545731984232,0.963643299605806,0.921448164362659,0.924628476010863,0.943732832358425,0.885091463968465,
mf_var,Plain MF RF,climate,17,0.5,all presence + equal modeled-zone absence,1208,604,604,21,"Eref,Tmax_sp,RH_sp,DD_0,NFFD_sm,PPT_wt,Eref_sm,MWMT,RH_at,DD_0_sp,EXT,Tmin_sm,DD_18_wt,Tave_wt,DD_0_wt,RH,RH_wt,Tmax_wt,Eref_at,PAS_wt,TD",604,603,1,0,0.999172185430464,0.999172185430464,1,0.998344370860927,0.998347107438017,0.999172870140612,0.998344370860927,0.999986294460769
mf_var,Plain MF RF,climate,18,0.5,all presence + equal modeled-zone absence,67630,33815,33815,21,"Eref_at,MCMT,DD_0_sp,EMT,RH_at,CMD_sp,DD_18_wt,DD_0_wt,DD_0,RH_sm,CMD_sm,Tmax_sm,PPT_wt,MAP,EXT,PAS_wt,PPT_at,Tmax_wt,TD,PPT_sm,PPT_sp",32914,31289,2526,901,0.949327221647198,0.949327221647198,0.973355019961556,0.92529942333284,0.92872460496614,0.950516208216013,0.898654443294396,0.98006030936656
mf_var,Plain MF RF,climate,19,0.5,all presence + equal modeled-zone absence,477720,238860,238860,21,"PPT_at,CMD_at,DD_0,NFFD,TD,Tmax_wt,DD5_at,CMD,Tmin_sm,EMT,AHM,Eref,MWMT,DD5_sm,PPT_sp,PPT_sm,DD5,RH_sp,MAP,Eref_sm,RH_wt",228146,228132,10728,10714,0.95511596751235,0.95511596751235,0.955145273381897,0.955086661642803,0.95508929393739,0.955117282839404,0.910231935024701,
mf_var,Plain MF RF,climate,20,0.5,all presence + equal modeled-zone absence,246578,123289,123289,21,"TD,MWMT,CMD,Eref_at,Eref,Tmax_sm,EXT,RH_sm,Tmax_wt,PAS_sp,AHM,PPT_wt,RH_at,Eref_sm,CMD_sm,PAS_wt,MAP,PPT_at,RH_sp,PPT_sp,PPT_sm",118821,113043,10246,4468,0.940327198695747,0.940327198695747,0.963759946142803,0.916894451248692,0.920614874445056,0.941693480638463,0.880654397391495,
mf_var,Plain MF RF,climate,21,0.5,all presence + equal modeled-zone absence,365368,182684,182684,21,"Tmin_at,MAP,Eref,EXT,DD5,DD18_sp,DD5_sm,DD_18_wt,Eref_at,DD18_sm,Tmin_wt,PPT_at,Tmin_sm,Eref_sp,AHM,Eref_sm,TD,PPT_wt,CMD_at,CMD,PPT_sm",175983,168650,14034,6701,0.943248998270237,0.943248998270237,0.963319174092969,0.923178822447505,0.926143450322866,0.944365590647731,0.886497996540474,
mf_var,Plain MF RF,climate,22,0.5,all presence + equal modeled-zone absence,25562,12781,12781,21,"DD_0_at,Eref,AHM,Eref_sm,DD5_at,DD_0_wt,DD_0,PAS_wt,EMT,RH_sm,CMD_sm,RH_at,PPT_wt,PAS_sp,Eref_at,Tmax_wt,MAP,PPT_sp,TD,PPT_at,PPT_sm",12554,12299,482,227,0.972263516156795,0.972263516156795,0.982239261403646,0.962287770909944,0.963025467934949,0.972537475306968,0.94452703231359,0.995453804759592
mf_var,Plain MF RF,climate,23,0.5,all presence + equal modeled-zone absence,198614,99307,99307,21,"DD_18_at,Tmin_at,Eref,DD_18_sp,DD5_at,DD_18,RH_sp,DD_0_wt,CMD_sm,DD5,Tmax_wt,DD18,DD5_sm,DD_18_wt,DD_0,PAS_wt,Tmin_sm,DD18_sm,AHM,MAP,RH_wt",95774,91487,7820,3533,0.942838873392611,0.942838873392611,0.964423454539962,0.92125429224526,0.924513002683553,0.944046604008852,0.885677746785222,
mf_var,Plain MF RF,climate,24,0.5,all presence + equal modeled-zone absence,508308,254154,254154,21,"Tmin_sp,DD5,CMD,DD18_sm,DD5_sm,DD_0,DD_0_sp,DD_18_sp,Eref_sp,AHM,PPT_wt,DD5_sp,PAS,Tmax_wt,EXT,MWMT,TD,RH_sp,CMD_sm,RH_wt,PPT_sm",244439,236780,17374,9715,0.946707508046303,0.946707508046303,0.961775144203908,0.931639871888697,0.93363965884047,0.947498580335564,0.893415016092605,
mf_var,Plain MF RF,climate,25,0.5,all presence + equal modeled-zone absence,142470,71235,71235,21,"PAS_at,RH_sp,PPT_wt,Tmax_wt,CMD_sp,Tmin_sm,DD_18_sm,DD5_sm,RH_wt,EXT,DD_0_wt,CMD,DD_18_wt,Eref_sm,PPT_at,PAS_wt,PPT_sp,CMD_at,CMD_sm,TD,PPT_sm",69237,67067,4168,1998,0.956720713132589,0.956720713132589,0.971951989892609,0.94148943637257,0.943219126762482,0.957370022123894,0.913441426265179,
mf_var,Plain MF RF,climate,26,0.5,all presence + equal modeled-zone absence,24614,12307,12307,21,"Tmin_sm,PPT_sp,CMD,DD18,MWMT,CMD_sm,DD_18_wt,EMT,Eref_at,DD5_sm,Eref_sp,AHM,EXT,CMD_wt,CMD_at,PPT_sm,Eref_sm,PPT_at,TD,RH_wt,PPT_wt",12136,11687,620,171,0.967863817339725,0.967863817339725,0.986105468432599,0.949622166246851,0.951395421762308,0.968439532378406,0.935727634679451,0.991982282661074
mf_var,Plain MF RF,climate,27,0.5,all presence + equal modeled-zone absence,518974,259487,259487,21,"PPT_at,CMD_sp,MWMT,Tmin_sm,DD18_sm,CMD,Eref_sm,CMD_sm,Eref,DD_0,RH_sm,PPT_sm,DD_18_wt,DD_18_sp,AHM,DD_18,CMD_at,MAP,PPT_wt,PPT_sp,TD",251197,246511,12976,8290,0.959022995371637,0.959022995371637,0.968052349443325,0.94999364129995,0.950880672892385,0.95938968032693,0.918045990743274,
mf_var,Plain MF RF,climate,28,0.5,all presence + equal modeled-zone absence,27828,13914,13914,21,"CMD_at,Eref_sp,MWMT,Tmin_wt,DD_18_wt,Eref_sm,DD18_at,MCMT,Tmin_sm,DD18_sm,DD5_sm,PPT_at,AHM,CMD,PPT_sm,CMD_sp,EXT,Eref_at,TD,PPT_sp,PPT_wt",13575,13032,882,339,0.95612332902113,0.95612332902113,0.975636050021561,0.936610608020699,0.938991492010791,0.956963096119277,0.91224665804226,0.988450266136161
mf_var,Plain MF RF,climate,29,0.5,all presence + equal modeled-zone absence,98804,49402,49402,21,"PPT_wt,Eref_sp,DD18,DD5_sm,Tmin_wt,Tmax_wt,DD_18_wt,PAS,Tmin_sp,DD_0,RH_at,Tmin_sm,DD_0_at,PPT_at,RH_wt,DD_0_sp,AHM,PPT_sp,TD,Eref_at,PPT_sm",49009,47964,1438,393,0.981468361604793,0.981468361604793,0.992044856483543,0.970891866726043,0.971494836164688,0.981662310088233,0.962936723209586,
mf_var,Plain MF RF,climate,30,0.5,all presence + equal modeled-zone absence,347398,173699,173699,21,"DD18_sm,DD_18_wt,DD18,MAP,RH_wt,Tmax_sm,PPT_sp,Eref_sp,PPT_sm,CMD_sp,PPT_at,AHM,DD5_sm,CMD_sm,CMD_wt,EXT,CMD,CMD_at,PPT_wt,Eref_sm,TD",165047,153177,20522,8652,0.916021393329841,0.916021393329841,0.950189695968313,0.881853090691369,0.889410407988403,0.918795996303595,0.832042786659681,
mf_var,Plain MF RF,climate,31,0.5,all presence + equal modeled-zone absence,508946,254473,254473,21,"MCMT,DD_0_wt,TD,DD5,Tmin_sm,DD_18_sm,EXT,CMD,Tmax_wt,PAS,RH_sm,PPT_at,CMD_at,PAS_wt,CMD_sm,AHM,RH_wt,PAS_sp,MAP,PPT_sp,PPT_sm",247648,236977,17496,6825,0.952213004916042,0.952213004916042,0.973179865840384,0.9312461439917,0.934013215460278,0.953194372008614,0.904426009832084,
mf_var,Plain MF RF,climate,32,0.5,all presence + equal modeled-zone absence,37648,18824,18824,21,"Tmin_wt,EMT,DD_18_wt,RH_sp,DD_0_wt,PPT_at,DD_0,Tmin_at,DD5_at,DD5,PPT_sp,Tmin_sm,PPT_sm,Tmin_sp,Eref_sm,RH_wt,MAP,TD,Eref,Tmax_wt,Eref_at",18631,18047,777,193,0.974235019124522,0.974235019124522,0.989747131321717,0.958722906927327,0.959964962901896,0.974628583385645,0.948470038249044,0.994389756155347
mf_var,Plain MF RF,climate,33,0.5,all presence + equal modeled-zone absence,234350,117175,117175,21,"AHM,DD18,DD5_sm,DD_18_at,CMD_at,CMD_sp,EXT,DD18_sm,Tmin_sm,CMD_sm,MAP,DD_0_at,DD_0,PPT_at,Tmax_wt,DD_18_wt,PPT_sp,PPT_sm,PPT_wt,RH_sm,TD",114618,110780,6395,2557,0.961800725410711,0.961800725410711,0.978177938980158,0.945423511841263,0.947154437952947,0.96241624263187,0.923601450821421,
mf_var,Plain MF RF,climate,34,0.5,all presence + equal modeled-zone absence,3156,1578,1578,21,"Eref_sp,Tmax_wt,Eref_sm,RH_wt,DD_18_wt,PPT_sm,DD_18_sp,EMT,MCMT,DD5_sm,Tmax_sp,Tmin_sm,MWMT,PAS_wt,MAP,CMD_at,PPT_wt,CMD_sp,EXT,PPT_sp,TD",1573,1554,24,5,0.990811153358682,0.990811153358682,0.996831432192649,0.984790874524715,0.984971822166562,0.990866141732283,0.981622306717364,0.99806472392096
mf_var,Plain MF RF,climate,35,0.5,all presence + equal modeled-zone absence,19682,9841,9841,21,"RH_sm,CMD_at,PPT_sp,Eref,DD5_sp,RH_wt,AHM,DD18,MAP,RH_at,TD,PAS_wt,EXT,PPT_at,DD_0_wt,DD_18_wt,EMT,Tmin_wt,Tmin_sm,MCMT,PPT_sm",9788,9664,177,53,0.988314195711818,0.988314195711818,0.99461436845849,0.982014022965146,0.982237832413447,0.988387357366455,0.976628391423636,0.99825574361233
mf_var,Plain MF RF,climate,36,0.5,all presence + equal modeled-zone absence,13852,6926,6926,21,"MAP,DD_18_sp,RH_sm,DD5_sm,RH_at,DD18_sm,EXT,Eref_sp,AHM,RH_wt,Eref_sm,CMD,DD5_at,DD_18_wt,Tmin_wt,PPT_wt,PPT_sp,CMD_sp,Eref_at,PPT_sm,TD",6872,6584,342,54,0.971412070459139,0.971412070459139,0.992203291943402,0.950620848974877,0.952592181868589,0.971994342291372,0.942824140918279,0.993343100099738
mf_var,Plain MF RF,climate,37,0.5,all presence + equal modeled-zone absence,115368,57684,57684,21,"Eref_at,PAS_wt,Tmin_sm,CMD_at,AHM,DD_0_sp,DD_0,CMD,Eref,CMD_sp,Tmax_sp,PPT_sp,Tmax_wt,MAP,Eref_sp,PPT_sm,TD,PPT_at,CMD_sm,Eref_sm,PPT_wt",56155,55572,2112,1529,0.968440122044241,0.968440122044241,0.973493516399695,0.963386727688787,0.963753067774212,0.968598804667489,0.936880244088482,
mf_var,Plain MF RF,climate,38,0.5,all presence + equal modeled-zone absence,18042,9021,9021,21,"DD5,MCMT,PAS_wt,DD18,AHM,DD_18_at,Tmin_at,PPT_sp,Eref,DD_0_wt,RH_wt,DD_18_wt,Tmin_sm,Tmax_wt,PPT_at,Eref_at,RH,MAP,TD,RH_sp,PPT_sm",9016,8938,83,5,0.995122491963197,0.995122491963197,0.99944573772309,0.990799246203303,0.990878118474558,0.99514348785872,0.990244983926394,0.99947160452484
mf_var,Plain MF RF,climate,39,0.5,all presence + equal modeled-zone absence,13436,6718,6718,21,"RH_wt,DD5_sm,Eref,RH_at,Tmin_wt,CMD_at,CMD_sp,RH_sm,Tmax_wt,DD5_at,PAS_wt,EXT,EMT,RH_sp,PPT_sp,MAP,PPT_at,PPT_sm,Eref_at,PPT_wt,TD",6703,6557,161,15,0.986900863352188,0.986900863352188,0.99776719261685,0.976034534087526,0.976544289044289,0.987041672802238,0.973801726704376,0.996571498449731
mf_var,Plain MF RF,climate,40,0.5,all presence + equal modeled-zone absence,204102,102051,102051,21,"MCMT,Eref_wt,CMD_sp,Eref_sp,RH_sm,Tmin_wt,EXT,PPT_sp,DD5_sm,Eref_at,DD18_sp,MWMT,DD18,RH_wt,CMD,Eref_sm,PPT_wt,PPT_sm,AHM,CMD_at,TD",99006,90053,11998,3045,0.926296655593772,0.926296655593772,0.970161977834612,0.882431333352931,0.891913804907931,0.929393818497571,0.852593311187544,
mf_var,Plain MF RF,climate,41,0.5,all presence + equal modeled-zone absence,54890,27445,27445,21,"Tmax_sm,Tmin_sm,DD5_sm,Tmax_wt,DD18_sm,Eref_at,PPT_sp,DD_18_wt,CMD,DD18_at,MCMT,CMD_sm,Eref_sm,RH_wt,PPT_at,EXT,CMD_at,MAP,PPT_wt,PPT_sm,TD",27060,25997,1448,385,0.966605939151029,0.966605939151029,0.985971943887776,0.947239934414283,0.949207240072962,0.967240362447054,0.933211878302059,0.988975082280031
mf_var,Plain MF RF,climate,42,0.5,all presence + equal modeled-zone absence,94194,47097,47097,21,"PAS_at,DD5_sm,DD_18_sm,DD5,PAS_wt,MCMT,PAS_sp,RH,CMD_sm,RH_wt,PAS,Eref_sm,CMD,CMD_at,PPT_at,AHM,MAP,TD,RH_sm,Eref_at,PPT_sm",46706,45352,1745,391,0.977323396394675,0.977323396394675,0.991697985009661,0.962948807779689,0.96398423149161,0.977644744003014,0.95464679278935,
mf_var,Plain MF RF,climate,43,0.5,all presence + equal modeled-zone absence,3368,1684,1684,21,"RH_sm,Tmin_wt,MAP,AHM,MWMT,Eref_sm,CMD_sp,Tmin_sp,CMD_sm,RH_wt,PPT_wt,TD,EMT,PPT_at,Eref_at,Tmin_at,MCMT,Tmax_wt,PAS_wt,RH_at,PPT_sm",1682,1667,17,2,0.994358669833729,0.994358669833729,0.998812351543943,0.989904988123515,0.989994114184815,0.99438368312149,0.988717339667458,0.999535942586648
mf_var,Plain MF RF,climate,44,0.5,all presence + equal modeled-zone absence,344352,172176,172176,21,"DD18_sp,DD_18_wt,Eref_sp,Tmax_wt,Tmin_wt,DD5_sm,DD18,PPT_sp,MWMT,CMD_wt,PPT_sm,EXT,Eref_at,CMD_sp,PPT_at,Eref_sm,CMD,PPT_wt,AHM,CMD_at,TD",165137,150515,21661,7039,0.916655050645851,0.916655050645851,0.959117414738407,0.874192686553294,0.884040514352402,0.92004992004992,0.833310101291701,
mf_var,Plain MF RF,climate,45,0.5,all presence + equal modeled-zone absence,9754,4877,4877,21,"Eref_at,DD_18_sp,CMD,MCMT,PAS_wt,RH_wt,DD_0_wt,Tmax_sp,Tmin_wt,DD_18_wt,EMT,Tmax_wt,PPT_wt,EXT,CMD_sp,PPT_sm,MAP,PPT_at,RH_sm,PPT_sp,TD",4846,4753,124,31,0.984109083452942,0.984109083452942,0.993643633381177,0.974574533524708,0.975050301810865,0.984259165227988,0.968218166905885,0.996987634584618
mf_var,Plain MF RF,climate,46,0.5,all presence + equal modeled-zone absence,82418,41209,41209,21,"Tmin_at,DD_0,Tmax_sm,DD_0_wt,DD_0_sp,Tmin_wt,RH_at,DD_18_wt,RH_sm,DD5_sm,EXT,EMT,CMD_sp,Eref_at,PPT_at,PPT_wt,Tmax_wt,PPT_sp,MAP,PPT_sm,TD",40697,39042,2167,512,0.967494964692179,0.967494964692179,0.987575529617317,0.947414399767041,0.949444755505786,0.96813483520274,0.934989929384358,0.987890517115995
mf_var,Plain MF RF,climate,47,0.5,all presence + equal modeled-zone absence,214378,107189,107189,21,"Tmax_sm,MAP,CMD_at,DD_18_sp,Tmin_wt,DD5,DD18,CMD_sp,DD18_sm,PPT_at,AHM,DD5_sm,DD_18_wt,PPT_sm,PPT_sp,Eref_sm,CMD,Eref_wt,TD,Eref_at,PPT_wt",104972,99384,7805,2217,0.953250799988805,0.953250799988805,0.979316907518495,0.927184692459114,0.930792626156043,0.954438413209314,0.90650159997761,
mf_var,Plain MF RF,climate,48,0.5,all presence + equal modeled-zone absence,1026,513,513,21,"DD5_sm,DD18_sm,RH,EXT,MCMT,DD_18_wt,PPT_sm,MAP,PPT_at,AHM,Eref_sm,RH_wt,RH_sp,PPT_sp,CMD,Tmin_sm,CMD_sm,CMD_at,RH_sm,TD,PPT_wt",513,511,2,0,0.998050682261209,0.998050682261209,1,0.996101364522417,0.996116504854369,0.998054474708171,0.996101364522417,1
mf_var,Plain MF RF,climate,49,0.5,all presence + equal modeled-zone absence,94126,47063,47063,21,"RH_wt,DD18_sp,RH_at,Tmin_sm,MWMT,EXT,Tmax_sm,DD18_sm,Eref_wt,Tmax_wt,PPT_wt,DD18,MAP,DD5_sm,AHM,PPT_sp,CMD,PPT_sm,TD,Eref_sm,CMD_at",45562,42853,4210,1501,0.939326009816629,0.939326009816629,0.968106580540977,0.910545439092281,0.915414289158563,0.941023390303093,0.878652019633258,
mf_var,Plain MF RF,climate,50,0.5,all presence + equal modeled-zone absence,1524,762,762,21,"RH_at,Eref_at,RH_wt,PPT_sp,PPT_at,Tmax_wt,MWMT,CMD,Tmin_wt,DD5_sm,Tmin_sm,EXT,PPT_wt,Eref,Eref_wt,CMD_at,AHM,CMD_wt,Eref_sm,CMD_sp,TD",758,760,2,4,0.996062992125984,0.996062992125984,0.994750656167979,0.99737532808399,0.997368421052632,0.996057818659658,0.992125984251969,0.999970722163667
mf_var,Plain MF RF,climate,52,0.5,all presence + equal modeled-zone absence,14162,7081,7081,21,"DD18_at,AHM,Tmax_sm,Eref_at,Eref_sm,CMD_wt,MWMT,Tmax_sp,RH_wt,Tmax_at,Eref_wt,CMD,PPT_sm,Tmax_wt,MAP,CMD_at,CMD_sp,Eref_sp,PPT_sp,PPT_at,TD",7072,7013,68,9,0.994562914842536,0.994562914842536,0.998728993080073,0.990396836604999,0.990476190476191,0.994585472189016,0.989125829685073,0.998855467532563
mf_var,Plain MF RF,climate,53,0.5,all presence + equal modeled-zone absence,39158,19579,19579,21,"MCMT,DD5_sp,DD5,DD18_at,Tmax_wt,EXT,DD_18,DD_18_wt,DD5_at,DD_18_at,Eref_wt,Eref_sm,DD5_wt,AHM,TD,PPT_at,CMD,CMD_at,PPT_sm,CMD_sp,RH_at",19482,19195,384,97,0.98771643086981,0.98771643086981,0.995045712242709,0.98038714949691,0.980670492298399,0.987805805552034,0.975432861739619,0.997766867112188
mf_var,Plain MF RF,climate,54,0.5,all presence + equal modeled-zone absence,6926,3463,3463,21,"Tmax_sp,Tave_sp,DD_18,Tave_at,DD18_sm,DD18_sp,DD5,DD5_at,EXT,DD_18_at,Eref_sm,DD5_sp,Tmax_wt,CMD,CMD_sp,CMD_wt,DD_18_sp,PPT_wt,PPT_at,CMD_at,PPT_sp",3458,3446,17,5,0.996823563384349,0.996823563384349,0.998556165174704,0.995090961593994,0.995107913669065,0.996829057365235,0.993647126768698,0.999443354353089
mf_var,Plain MF RF,climate,55,0.5,all presence + equal modeled-zone absence,3982,1991,1991,21,"DD_18_sp,DD5_sp,Eref_sp,DD5_sm,CMD,Tmin_wt,PPT_wt,PPT_at,EMT,Eref_sm,Eref_at,AHM,MWMT,CMD_wt,Eref_wt,Tmin_sp,TD,PPT_sp,MAP,CMD_at,CMD_sp",1990,1971,20,1,0.994726268206931,0.994726268206931,0.999497739829232,0.989954796584631,0.990049751243781,0.994751312171957,0.989452536413862,0.999197165749136
rf_var,Plain RF,climate,1,0.5,all presence + equal modeled-zone absence,8992,4496,4496,21,"Eref,CMD,DD_18_sm,DD5_sm,DD5,EXT,RH_sp,DD_0_at,PAS_wt,RH_at,CMD_sp,Eref_at,Tmin_sm,NFFD_at,CMD_sm,PPT_wt,MAP,PPT_sp,PPT_sm,PPT_at,Eref_sm",4453,4405,91,43,0.985097864768683,0.985097864768683,0.990435943060498,0.979759786476868,0.979973591549296,0.985176991150442,0.970195729537366,0.998715569434594
rf_var,Plain RF,climate,2,0.5,all presence + equal modeled-zone absence,170052,85026,85026,21,"Tmin_sm,MWMT,DD_0_at,MCMT,DD5,Eref_sm,Eref_at,PAS_at,PAS_sp,Eref,DD5_sm,CMD,DD5_sp,EXT,CMD_sp,PPT_at,RH_wt,CMD_sm,PPT_sp,MAP,PPT_sm",82044,80614,4412,2982,0.956519182367746,0.956519182367746,0.964928374850046,0.948109989885447,0.948968261312113,0.956881771847774,0.913038364735493,
rf_var,Plain RF,climate,3,0.5,all presence + equal modeled-zone absence,332444,166222,166222,21,"DD_0_wt,DD_0,CMD,Tmin_at,Eref_at,EXT,DD_18_wt,TD,DD_18_sm,AHM,PPT_wt,Tmin_sm,DD_0_sp,DD18_sm,RH_wt,PPT_at,PPT_sm,DD5_sm,PPT_sp,CMD_sp,MAP",156067,151538,14684,10155,0.925283656796333,0.925283656796333,0.938907003886369,0.911660309706296,0.91400343189791,0.926287862825805,0.850567313592665,
rf_var,Plain RF,climate,4,0.5,all presence + equal modeled-zone absence,55152,27576,27576,21,"DD18_sm,DD_0_at,Tmin_sm,Eref,EXT,DD5,DD5_sm,CMD_at,AHM,Eref_sm,Eref_at,PPT_wt,CMD,RH_wt,PPT_sp,PPT_at,CMD_sp,MAP,TD,CMD_sm,PPT_sm",27146,26029,1547,430,0.96415361183638,0.964153611836379,0.984406730490281,0.943900493182477,0.94608441083191,0.964865201087633,0.928307223672759,0.990071153622315
rf_var,Plain RF,climate,5,0.5,all presence + equal modeled-zone absence,115288,57644,57644,21,"Tmax_wt,Eref_at,RH_at,CMD_at,EMT,Eref,DD5_at,DD_0,CMD_sp,TD,AHM,CMD_sm,EXT,RH_wt,CMD,MAP,PPT_sp,DD5_sm,PPT_at,PPT_wt,PPT_sm",54886,52228,5416,2758,0.929099299146485,0.929099299146485,0.952154604121851,0.906043994171119,0.910185400152565,0.930697098672274,0.858198598292971,
rf_var,Plain RF,climate,6,0.5,all presence + equal modeled-zone absence,54422,27211,27211,21,"AHM,CMD,CMD_sp,DD18_sm,Tmin_sm,DD_18,DD18,DD5_sm,PAS,Eref_at,Eref_sm,RH_wt,PPT_sp,PPT_wt,MAP,Eref,CMD_sm,CMD_at,PPT_at,TD,PPT_sm",26800,26177,1034,411,0.973448237844989,0.973448237844989,0.98489581419279,0.962000661497189,0.962851189193073,0.973748751021891,0.946896475689978,0.992916436204701
rf_var,Plain RF,climate,7,0.5,all presence + equal modeled-zone absence,133316,66658,66658,21,"Tmin_wt,RH_at,DD_18_wt,CMD_sp,MCMT,PPT_at,DD5_sm,RH_sm,MAP,CMD_sm,PPT_wt,RH_wt,EXT,TD,AHM,CMD,CMD_at,Eref_at,Tmax_wt,Tmin_sm,PPT_sm",62819,60093,6565,3839,0.921959854781121,0.921959854781122,0.942407512976687,0.901512196585556,0.905381644183097,0.923523617706297,0.843919709562243,
rf_var,Plain RF,climate,9,0.5,all presence + equal modeled-zone absence,18334,9167,9167,21,"DD_18_at,AHM,PPT_wt,DD18,DD5,DD18_sm,DD_0_at,DD5_sm,Eref_sm,RH_at,CMD_sm,EXT,Tmin_sm,MCMT,PPT_sm,Eref,MAP,PAS,TD,PPT_at,PPT_sp",9148,9004,163,19,0.990073088251336,0.990073088251336,0.997927348096433,0.98221882840624,0.982493824508646,0.990150449182812,0.980146176502673,0.99785376468772
rf_var,Plain RF,climate,10,0.5,all presence + equal modeled-zone absence,88264,44132,44132,21,"Eref,Eref_at,AHM,NFFD,DD5_sp,MWMT,CMD_sp,PPT_sp,Tmin_wt,DD5_sm,Tmax_wt,DD_18_sp,RH_sm,PPT_wt,PPT_at,Tmax_sp,PPT_sm,EMT,MAP,EXT,TD",43365,42183,1949,767,0.969228677603553,0.969228677603553,0.982620320855615,0.955837034351491,0.956989010018979,0.969635310690249,0.938457355207106,0.989814711918807
rf_var,Plain RF,climate,11,0.5,all presence + equal modeled-zone absence,87926,43963,43963,21,"DD_0_wt,DD_0_at,Tmax_wt,DD_18_at,PAS,CMD_sp,DD18,Eref,DD5_sm,Tmin_sm,DD5,PPT_sp,TD,AHM,CMD,PPT_sm,CMD_at,PPT_at,MAP,CMD_sm,RH_wt",42872,41666,2297,1091,0.961467597752656,0.961467597752656,0.975183677183086,0.947751518322226,0.949146538555204,0.96198896019387,0.922935195505311,0.989270707702831
rf_var,Plain RF,climate,12,0.5,all presence + equal modeled-zone absence,224972,112486,112486,21,"CMD_sp,CMD_at,Eref,DD_18_wt,DD_0_sp,CMD,Eref_at,RH_wt,Tmin_sm,RH_at,DD_18_sp,DD5_sp,DD5_sm,AHM,PPT_wt,PPT_sp,PPT_at,CMD_sm,MAP,PPT_sm,TD",109649,105233,7253,2837,0.955149974219014,0.955149974219014,0.974779083619295,0.935520864818733,0.937956579014901,0.956013392156521,0.910299948438028,
rf_var,Plain RF,climate,13,0.5,all presence + equal modeled-zone absence,373098,186549,186549,21,"PPT_at,CMD_at,Tmin_wt,PAS_wt,DD_18_sp,CMD,Tmin_sp,DD5_sp,Tmin_sm,Eref,Eref_sm,MWMT,RH_wt,DD5_sm,MAP,AHM,PPT_sp,EXT,CMD_sm,PPT_sm,TD",178649,172350,14199,7900,0.940768913261395,0.940768913261395,0.957651876986743,0.923885949536047,0.926372065046047,0.941752306950239,0.88153782652279,
rf_var,Plain RF,climate,14,0.5,all presence + equal modeled-zone absence,19732,9866,9866,21,"RH_sp,CMD_sp,DD18_sm,EMT,DD_0,Tmin_wt,DD_18_wt,AHM,DD_18_at,DD5,DD5_sm,MAP,DD_18,DD_0_wt,DD18,Eref_sm,Eref,CMD,Eref_at,CMD_sm,TD",9823,9624,242,43,0.985556456517332,0.985556456517332,0.99564159740523,0.975471315629435,0.975956284153006,0.985700667302192,0.971112913034665,0.997519020226806
rf_var,Plain RF,climate,15,0.5,all presence + equal modeled-zone absence,142544,71272,71272,21,"Eref_sp,Eref_at,CMD_sp,PPT_sp,AHM,EMT,Eref,DD_18_at,RH_at,DD_0_wt,DD_18_wt,DD_0,Tmin_at,DD18_sm,DD5_sm,MAP,DD18,Tmin_sm,RH_wt,PPT_sm,TD",68412,65869,5403,2860,0.942031933999326,0.942031933999327,0.959872039510607,0.924191828488046,0.926803495224548,0.943047964324853,0.884063867998653,
rf_var,Plain RF,climate,16,0.5,all presence + equal modeled-zone absence,550490,275245,275245,21,"EMT,DD_0,RH_sm,MCMT,CMD_sm,DD_18_wt,AHM,DD_0_wt,PPT_wt,TD,DD5_sm,Tmax_sm,PAS,DD_18_sm,RH_at,Tmax_wt,PAS_wt,PPT_sm,PPT_at,MAP,PPT_sp",265201,253610,21635,10044,0.942453087249541,0.942453087249541,0.963508873912333,0.92139730058675,0.924573623952363,0.94363979568781,0.884906174499083,
rf_var,Plain RF,climate,17,0.5,all presence + equal modeled-zone absence,1208,604,604,21,"Eref,Tmax_sp,RH_sp,DD_0,NFFD_sm,PPT_wt,Eref_sm,MWMT,RH_at,DD_0_sp,EXT,Tmin_sm,DD_18_wt,Tave_wt,DD_0_wt,RH,RH_wt,Tmax_wt,Eref_at,PAS_wt,TD",604,603,1,0,0.999172185430464,0.999172185430464,1,0.998344370860927,0.998347107438017,0.999172870140612,0.998344370860927,0.999986294460769
rf_var,Plain RF,climate,18,0.5,all presence + equal modeled-zone absence,67630,33815,33815,21,"Eref_at,MCMT,DD_0_sp,EMT,RH_at,CMD_sp,DD_18_wt,DD_0_wt,DD_0,RH_sm,CMD_sm,Tmax_sm,PPT_wt,MAP,EXT,PAS_wt,PPT_at,Tmax_wt,TD,PPT_sm,PPT_sp",32926,31281,2534,889,0.949386366996895,0.949386366996895,0.973709892059737,0.925062841934053,0.928539199097575,0.950588235294118,0.89877273399379,0.980124185119872
rf_var,Plain RF,climate,19,0.5,all presence + equal modeled-zone absence,477720,238860,238860,21,"PPT_at,CMD_at,DD_0,NFFD,TD,Tmax_wt,DD5_at,CMD,Tmin_sm,EMT,AHM,Eref,MWMT,DD5_sm,PPT_sp,PPT_sm,DD5,RH_sp,MAP,Eref_sm,RH_wt",228190,228129,10731,10670,0.955201791844595,0.955201791844595,0.955329481704764,0.955074101984426,0.955085572218432,0.955207511391202,0.91040358368919,
rf_var,Plain RF,climate,20,0.5,all presence + equal modeled-zone absence,246578,123289,123289,21,"TD,MWMT,CMD,Eref_at,Eref,Tmax_sm,EXT,RH_sm,Tmax_wt,PAS_sp,AHM,PPT_wt,RH_at,Eref_sm,CMD_sm,PAS_wt,MAP,PPT_at,RH_sp,PPT_sp,PPT_sm",118853,112983,10306,4436,0.940213644364055,0.940213644364055,0.964019498900956,0.916407789827154,0.920206876795268,0.941603815439219,0.880427288728111,
rf_var,Plain RF,climate,21,0.5,all presence + equal modeled-zone absence,365368,182684,182684,21,"Tmin_at,MAP,Eref,EXT,DD5,DD18_sp,DD5_sm,DD_18_wt,Eref_at,DD18_sm,Tmin_wt,PPT_at,Tmin_sm,Eref_sp,AHM,Eref_sm,TD,PPT_wt,CMD_at,CMD,PPT_sm",175997,168620,14064,6687,0.943205206805194,0.943205206805194,0.963395809156795,0.923014604453592,0.926002704394905,0.944329233121839,0.886410413610387,
rf_var,Plain RF,climate,22,0.5,all presence + equal modeled-zone absence,25562,12781,12781,21,"DD_0_at,Eref,AHM,Eref_sm,DD5_at,DD_0_wt,DD_0,PAS_wt,EMT,RH_sm,CMD_sm,RH_at,PPT_wt,PAS_sp,Eref_at,Tmax_wt,MAP,PPT_sp,TD,PPT_at,PPT_sm",12555,12298,483,226,0.972263516156795,0.972263516156795,0.982317502542837,0.962209529770753,0.962954440865163,0.972539602618227,0.94452703231359,0.995455613714809
rf_var,Plain RF,climate,23,0.5,all presence + equal modeled-zone absence,198614,99307,99307,21,"DD_18_at,Tmin_at,Eref,DD_18_sp,DD5_at,DD_18,RH_sp,DD_0_wt,CMD_sm,DD5,Tmax_wt,DD18,DD5_sm,DD_18_wt,DD_0,PAS_wt,Tmin_sm,DD18_sm,AHM,MAP,RH_wt",95696,91459,7848,3611,0.942305174861792,0.942305174861792,0.963638011419135,0.92097233830445,0.924206134590126,0.94351026122622,0.884610349723585,
rf_var,Plain RF,climate,24,0.5,all presence + equal modeled-zone absence,508308,254154,254154,21,"Tmin_sp,DD5,CMD,DD18_sm,DD5_sm,DD_0,DD_0_sp,DD_18_sp,Eref_sp,AHM,PPT_wt,DD5_sp,PAS,Tmax_wt,EXT,MWMT,TD,RH_sp,CMD_sm,RH_wt,PPT_sm",244515,236747,17407,9639,0.946792102426088,0.946792102426088,0.962074175499894,0.931510029352282,0.933541283282809,0.947592990179741,0.893584204852176,
rf_var,Plain RF,climate,25,0.5,all presence + equal modeled-zone absence,142470,71235,71235,21,"PAS_at,RH_sp,PPT_wt,Tmax_wt,CMD_sp,Tmin_sm,DD_18_sm,DD5_sm,RH_wt,EXT,DD_0_wt,CMD,DD_18_wt,Eref_sm,PPT_at,PAS_wt,PPT_sp,CMD_at,CMD_sm,TD,PPT_sm",69234,67065,4170,2001,0.956685618024847,0.956685618024847,0.971909875763319,0.941461360286376,0.943191106751676,0.957335158567192,0.913371236049695,
rf_var,Plain RF,climate,26,0.5,all presence + equal modeled-zone absence,24614,12307,12307,21,"Tmin_sm,PPT_sp,CMD,DD18,MWMT,CMD_sm,DD_18_wt,EMT,Eref_at,DD5_sm,Eref_sp,AHM,EXT,CMD_wt,CMD_at,PPT_sm,Eref_sm,PPT_at,TD,RH_wt,PPT_wt",12141,11680,627,166,0.967782562769156,0.967782562769156,0.986511741285447,0.949053384252864,0.950892857142857,0.968374875373878,0.935565125538312,0.991809015063549
rf_var,Plain RF,climate,27,0.5,all presence + equal modeled-zone absence,518974,259487,259487,21,"PPT_at,CMD_sp,MWMT,Tmin_sm,DD18_sm,CMD,Eref_sm,CMD_sm,Eref,DD_0,RH_sm,PPT_sm,DD_18_wt,DD_18_sp,AHM,DD_18,CMD_at,MAP,PPT_wt,PPT_sp,TD",251081,246523,12964,8406,0.958822599976107,0.958822599976107,0.967605313560988,0.950039886391226,0.950902308318658,0.959181100677704,0.917645199952213,
rf_var,Plain RF,climate,28,0.5,all presence + equal modeled-zone absence,27828,13914,13914,21,"CMD_at,Eref_sp,MWMT,Tmin_wt,DD_18_wt,Eref_sm,DD18_at,MCMT,Tmin_sm,DD18_sm,DD5_sm,PPT_at,AHM,CMD,PPT_sm,CMD_sp,EXT,Eref_at,TD,PPT_sp,PPT_wt",13581,13022,892,333,0.955979588903263,0.955979588903263,0.976067270375162,0.935891907431364,0.938367995577973,0.956846443794695,0.911959177806526,0.988414757244387
rf_var,Plain RF,climate,29,0.5,all presence + equal modeled-zone absence,98804,49402,49402,21,"PPT_wt,Eref_sp,DD18,DD5_sm,Tmin_wt,Tmax_wt,DD_18_wt,PAS,Tmin_sp,DD_0,RH_at,Tmin_sm,DD_0_at,PPT_at,RH_wt,DD_0_sp,AHM,PPT_sp,TD,Eref_at,PPT_sm",49003,47949,1453,399,0.981255819602445,0.981255819602445,0.991923403910773,0.970588235294118,0.971202631996195,0.981453664203169,0.962511639204891,
rf_var,Plain RF,climate,30,0.5,all presence + equal modeled-zone absence,347398,173699,173699,21,"DD18_sm,DD_18_wt,DD18,MAP,RH_wt,Tmax_sm,PPT_sp,Eref_sp,PPT_sm,CMD_sp,PPT_at,AHM,DD5_sm,CMD_sm,CMD_wt,EXT,CMD,CMD_at,PPT_wt,Eref_sm,TD",165049,153227,20472,8650,0.916171077553699,0.916171077553699,0.950201210139379,0.882140944968019,0.889651306321117,0.918929903680196,0.832342155107399,
rf_var,Plain RF,climate,31,0.5,all presence + equal modeled-zone absence,508946,254473,254473,21,"MCMT,DD_0_wt,TD,DD5,Tmin_sm,DD_18_sm,EXT,CMD,Tmax_wt,PAS,RH_sm,PPT_at,CMD_at,PAS_wt,CMD_sm,AHM,RH_wt,PAS_sp,MAP,PPT_sp,PPT_sm",247668,236955,17518,6805,0.952209075226055,0.952209075226055,0.973258459640119,0.931159690811992,0.933940705768781,0.953194306266225,0.904418150452111,
rf_var,Plain RF,climate,32,0.5,all presence + equal modeled-zone absence,37648,18824,18824,21,"Tmin_wt,EMT,DD_18_wt,RH_sp,DD_0_wt,PPT_at,DD_0,Tmin_at,DD5_at,DD5,PPT_sp,Tmin_sm,PPT_sm,Tmin_sp,Eref_sm,RH_wt,MAP,TD,Eref,Tmax_wt,Eref_at",18619,18035,789,205,0.973597535061623,0.973597535061623,0.989109647258818,0.958085422864428,0.959346661170651,0.974000836995187,0.947195070123247,0.99438122346187
rf_var,Plain RF,climate,33,0.5,all presence + equal modeled-zone absence,234350,117175,117175,21,"AHM,DD18,DD5_sm,DD_18_at,CMD_at,CMD_sp,EXT,DD18_sm,Tmin_sm,CMD_sm,MAP,DD_0_at,DD_0,PPT_at,Tmax_wt,DD_18_wt,PPT_sp,PPT_sm,PPT_wt,RH_sm,TD",114588,110775,6400,2587,0.961651376146789,0.961651376146789,0.977921911670578,0.945380840623,0.947102191952921,0.96226533928444,0.923302752293578,
rf_var,Plain RF,climate,34,0.5,all presence + equal modeled-zone absence,3156,1578,1578,21,"Eref_sp,Tmax_wt,Eref_sm,RH_wt,DD_18_wt,PPT_sm,DD_18_sp,EMT,MCMT,DD5_sm,Tmax_sp,Tmin_sm,MWMT,PAS_wt,MAP,CMD_at,PPT_wt,CMD_sp,EXT,PPT_sp,TD",1573,1553,25,5,0.990494296577947,0.990494296577947,0.996831432192649,0.984157160963245,0.984355444305382,0.990554156171284,0.980988593155893,0.99822475868284
rf_var,Plain RF,climate,35,0.5,all presence + equal modeled-zone absence,19682,9841,9841,21,"RH_sm,CMD_at,PPT_sp,Eref,DD5_sp,RH_wt,AHM,DD18,MAP,RH_at,TD,PAS_wt,EXT,PPT_at,DD_0_wt,DD_18_wt,EMT,Tmin_wt,Tmin_sm,MCMT,PPT_sm",9788,9663,178,53,0.988263387867087,0.988263387867087,0.99461436845849,0.981912407275683,0.982139273530002,0.988337456454789,0.976526775734173,0.998208611734009
rf_var,Plain RF,climate,36,0.5,all presence + equal modeled-zone absence,13852,6926,6926,21,"MAP,DD_18_sp,RH_sm,DD5_sm,RH_at,DD18_sm,EXT,Eref_sp,AHM,RH_wt,Eref_sm,CMD,DD5_at,DD_18_wt,Tmin_wt,PPT_wt,PPT_sp,CMD_sp,Eref_at,PPT_sm,TD",6872,6578,348,54,0.970978920011551,0.970978920011551,0.992203291943402,0.9497545480797,0.95180055401662,0.97158207267072,0.941957840023101,0.993419878090809
rf_var,Plain RF,climate,37,0.5,all presence + equal modeled-zone absence,115368,57684,57684,21,"Eref_at,PAS_wt,Tmin_sm,CMD_at,AHM,DD_0_sp,DD_0,CMD,Eref,CMD_sp,Tmax_sp,PPT_sp,Tmax_wt,MAP,Eref_sp,PPT_sm,TD,PPT_at,CMD_sm,Eref_sm,PPT_wt",56129,55581,2103,1555,0.968292767491852,0.968292767491852,0.973042784827682,0.963542750156022,0.963885835966479,0.968442665378377,0.936585534983704,
rf_var,Plain RF,climate,38,0.5,all presence + equal modeled-zone absence,18042,9021,9021,21,"DD5,MCMT,PAS_wt,DD18,AHM,DD_18_at,Tmin_at,PPT_sp,Eref,DD_0_wt,RH_wt,DD_18_wt,Tmin_sm,Tmax_wt,PPT_at,Eref_at,RH,MAP,TD,RH_sp,PPT_sm",9017,8937,84,4,0.995122491963197,0.995122491963197,0.999556590178472,0.990688393747921,0.990770245028019,0.995144023838428,0.990244983926394,0.999295611966811
rf_var,Plain RF,climate,39,0.5,all presence + equal modeled-zone absence,13436,6718,6718,21,"RH_wt,DD5_sm,Eref,RH_at,Tmin_wt,CMD_at,CMD_sp,RH_sm,Tmax_wt,DD5_at,PAS_wt,EXT,EMT,RH_sp,PPT_sp,MAP,PPT_at,PPT_sm,Eref_at,PPT_wt,TD",6703,6558,160,15,0.98697529026496,0.98697529026496,0.99776719261685,0.976183387913069,0.976686580212735,0.987114350931448,0.97395058052992,0.996364680705221
rf_var,Plain RF,climate,40,0.5,all presence + equal modeled-zone absence,204102,102051,102051,21,"MCMT,Eref_wt,CMD_sp,Eref_sp,RH_sm,Tmin_wt,EXT,PPT_sp,DD5_sm,Eref_at,DD18_sp,MWMT,DD18,RH_wt,CMD,Eref_sm,PPT_wt,PPT_sm,AHM,CMD_at,TD",98980,90053,11998,3071,0.926169268307023,0.926169268307023,0.969907203261115,0.882431333352931,0.891888482401918,0.929263151965225,0.852338536614046,
rf_var,Plain RF,climate,41,0.5,all presence + equal modeled-zone absence,54890,27445,27445,21,"Tmax_sm,Tmin_sm,DD5_sm,Tmax_wt,DD18_sm,Eref_at,PPT_sp,DD_18_wt,CMD,DD18_at,MCMT,CMD_sm,Eref_sm,RH_wt,PPT_at,EXT,CMD_at,MAP,PPT_wt,PPT_sm,TD",27062,25999,1446,383,0.966678812169794,0.966678812169794,0.98604481690654,0.947312807433048,0.949277395818718,0.967311851017818,0.933357624339588,0.988875449104539
rf_var,Plain RF,climate,42,0.5,all presence + equal modeled-zone absence,94194,47097,47097,21,"PAS_at,DD5_sm,DD_18_sm,DD5,PAS_wt,MCMT,PAS_sp,RH,CMD_sm,RH_wt,PAS,Eref_sm,CMD,CMD_at,PPT_at,AHM,MAP,TD,RH_sm,Eref_at,PPT_sm",46715,45349,1748,382,0.977387094719409,0.977387094719409,0.991889079983863,0.962885109454955,0.963931246517962,0.977710339053998,0.954774189438818,
rf_var,Plain RF,climate,43,0.5,all presence + equal modeled-zone absence,3368,1684,1684,21,"RH_sm,Tmin_wt,MAP,AHM,MWMT,Eref_sm,CMD_sp,Tmin_sp,CMD_sm,RH_wt,PPT_wt,TD,EMT,PPT_at,Eref_at,Tmin_at,MCMT,Tmax_wt,PAS_wt,RH_at,PPT_sm",1682,1666,18,2,0.994061757719715,0.994061757719715,0.998812351543943,0.989311163895487,0.989411764705882,0.994089834515366,0.98812351543943,0.999545639835027
rf_var,Plain RF,climate,44,0.5,all presence + equal modeled-zone absence,344352,172176,172176,21,"DD18_sp,DD_18_wt,Eref_sp,Tmax_wt,Tmin_wt,DD5_sm,DD18,PPT_sp,MWMT,CMD_wt,PPT_sm,EXT,Eref_at,CMD_sp,PPT_at,Eref_sm,CMD,PPT_wt,AHM,CMD_at,TD",165150,150516,21660,7026,0.916695706718706,0.916695706718706,0.959192918873711,0.874198494563702,0.884053316203629,0.920091591315539,0.833391413437413,
rf_var,Plain RF,climate,45,0.5,all presence + equal modeled-zone absence,9754,4877,4877,21,"Eref_at,DD_18_sp,CMD,MCMT,PAS_wt,RH_wt,DD_0_wt,Tmax_sp,Tmin_wt,DD_18_wt,EMT,Tmax_wt,PPT_wt,EXT,CMD_sp,PPT_sm,MAP,PPT_at,RH_sm,PPT_sp,TD",4844,4757,120,33,0.98431412753742,0.98431412753742,0.993233545212221,0.97539470986262,0.975825946817083,0.984452799512245,0.968628255074841,0.996866739717914
rf_var,Plain RF,climate,46,0.5,all presence + equal modeled-zone absence,82418,41209,41209,21,"Tmin_at,DD_0,Tmax_sm,DD_0_wt,DD_0_sp,Tmin_wt,RH_at,DD_18_wt,RH_sm,DD5_sm,EXT,EMT,CMD_sp,Eref_at,PPT_at,PPT_wt,Tmax_wt,PPT_sp,MAP,PPT_sm,TD",40690,39049,2160,519,0.967494964692179,0.967494964692179,0.987405663811303,0.947584265573054,0.949591598599767,0.96812952806957,0.934989929384358,0.987838851854862
rf_var,Plain RF,climate,47,0.5,all presence + equal modeled-zone absence,214378,107189,107189,21,"Tmax_sm,MAP,CMD_at,DD_18_sp,Tmin_wt,DD5,DD18,CMD_sp,DD18_sm,PPT_at,AHM,DD5_sm,DD_18_wt,PPT_sm,PPT_sp,Eref_sm,CMD,Eref_wt,TD,Eref_at,PPT_wt",104990,99395,7794,2199,0.953386075063673,0.953386075063673,0.979484835197642,0.927287314929704,0.930894453113917,0.954571697435594,0.906772150127345,
rf_var,Plain RF,climate,48,0.5,all presence + equal modeled-zone absence,1026,513,513,21,"DD5_sm,DD18_sm,RH,EXT,MCMT,DD_18_wt,PPT_sm,MAP,PPT_at,AHM,Eref_sm,RH_wt,RH_sp,PPT_sp,CMD,Tmin_sm,CMD_sm,CMD_at,RH_sm,TD,PPT_wt",513,511,2,0,0.998050682261209,0.998050682261209,1,0.996101364522417,0.996116504854369,0.998054474708171,0.996101364522417,1
rf_var,Plain RF,climate,49,0.5,all presence + equal modeled-zone absence,94126,47063,47063,21,"RH_wt,DD18_sp,RH_at,Tmin_sm,MWMT,EXT,Tmax_sm,DD18_sm,Eref_wt,Tmax_wt,PPT_wt,DD18,MAP,DD5_sm,AHM,PPT_sp,CMD,PPT_sm,TD,Eref_sm,CMD_at",45558,42863,4200,1505,0.939389754159318,0.939389754159318,0.968021588084058,0.910757920234579,0.915591462679368,0.941076832505345,0.878779508318637,
rf_var,Plain RF,climate,50,0.5,all presence + equal modeled-zone absence,1524,762,762,21,"RH_at,Eref_at,RH_wt,PPT_sp,PPT_at,Tmax_wt,MWMT,CMD,Tmin_wt,DD5_sm,Tmin_sm,EXT,PPT_wt,Eref,Eref_wt,CMD_at,AHM,CMD_wt,Eref_sm,CMD_sp,TD",758,760,2,4,0.996062992125984,0.996062992125984,0.994750656167979,0.99737532808399,0.997368421052632,0.996057818659658,0.992125984251969,0.999972444389333
rf_var,Plain RF,climate,52,0.5,all presence + equal modeled-zone absence,14162,7081,7081,21,"DD18_at,AHM,Tmax_sm,Eref_at,Eref_sm,CMD_wt,MWMT,Tmax_sp,RH_wt,Tmax_at,Eref_wt,CMD,PPT_sm,Tmax_wt,MAP,CMD_at,CMD_sp,Eref_sp,PPT_sp,PPT_at,TD",7071,7012,69,10,0.994421691851433,0.994421691851434,0.998587770088971,0.990255613613896,0.990336134453782,0.994444835103017,0.988843383702867,0.998909256320447
rf_var,Plain RF,climate,53,0.5,all presence + equal modeled-zone absence,39158,19579,19579,21,"MCMT,DD5_sp,DD5,DD18_at,Tmax_wt,EXT,DD_18,DD_18_wt,DD5_at,DD_18_at,Eref_wt,Eref_sm,DD5_wt,AHM,TD,PPT_at,CMD,CMD_at,PPT_sm,CMD_sp,RH_at",19483,19195,384,96,0.987741968435569,0.987741968435569,0.995096787374228,0.98038714949691,0.980671465243872,0.987831465801349,0.975483936871137,0.997743986475867
rf_var,Plain RF,climate,54,0.5,all presence + equal modeled-zone absence,6926,3463,3463,21,"Tmax_sp,Tave_sp,DD_18,Tave_at,DD18_sm,DD18_sp,DD5,DD5_at,EXT,DD_18_at,Eref_sm,DD5_sp,Tmax_wt,CMD,CMD_sp,CMD_wt,DD_18_sp,PPT_wt,PPT_at,CMD_at,PPT_sp",3456,3446,17,7,0.99653479641929,0.99653479641929,0.997978631244586,0.995090961593994,0.995105096458393,0.996539792387543,0.993069592838579,0.999593324721746
rf_var,Plain RF,climate,55,0.5,all presence + equal modeled-zone absence,3982,1991,1991,21,"DD_18_sp,DD5_sp,Eref_sp,DD5_sm,CMD,Tmin_wt,PPT_wt,PPT_at,EMT,Eref_sm,Eref_at,AHM,MWMT,CMD_wt,Eref_wt,Tmin_sp,TD,PPT_sp,MAP,CMD_at,CMD_sp",1990,1971,20,1,0.994726268206931,0.994726268206931,0.999497739829232,0.989954796584631,0.990049751243781,0.994751312171957,0.989452536413862,0.998504823690535
mf_var,Plain MF RF,soil,1,0.5,all presence + equal modeled-zone absence,3198,1599,1599,9,"T_REF_BULK_DENSITY,T_SAND,T_CLAY,T_SILT,T_CEC_SOIL,T_PH_H2O,T_TEB,T_CEC_CLAY,T_OC",1420,1155,444,179,0.805190744215135,0.805190744215135,0.888055034396498,0.722326454033771,0.761802575107296,0.82009818076812,0.610381488430269,0.836845143599365
mf_var,Plain MF RF,soil,2,0.5,all presence + equal modeled-zone absence,5676,2838,2838,9,"T_CACO3,T_BS,T_GRAVEL,T_TEB,T_OC,T_SILT,T_PH_H2O,T_CEC_SOIL,T_CEC_CLAY",2579,2215,623,259,0.8446088794926,0.8446088794926,0.908738548273432,0.780479210711769,0.805434103685197,0.853973509933775,0.689217758985201,0.867903617024764
mf_var,Plain MF RF,soil,3,0.5,all presence + equal modeled-zone absence,5966,2983,2983,9,"T_CACO3,T_CLAY,T_SAND,T_TEB,T_OC,T_REF_BULK_DENSITY,T_BS,T_PH_H2O,T_CEC_CLAY",2714,2104,879,269,0.807576265504526,0.807576265504526,0.909822326516929,0.705330204492122,0.755357639855274,0.825425790754258,0.615152531009051,0.837744368608392
mf_var,Plain MF RF,soil,4,0.5,all presence + equal modeled-zone absence,5008,2504,2504,9,"T_TEB,T_BS,T_PH_H2O,T_REF_BULK_DENSITY,T_SAND,T_CEC_CLAY,T_CEC_SOIL,T_OC,T_GRAVEL",1748,2077,427,756,0.763777955271566,0.763777955271566,0.698083067092652,0.829472843450479,0.80367816091954,0.747168198332977,0.527555910543131,0.839183903198971
mf_var,Plain MF RF,soil,5,0.5,all presence + equal modeled-zone absence,5618,2809,2809,9,"T_CEC_SOIL,T_CLAY,T_CACO3,T_PH_H2O,T_TEB,T_REF_BULK_DENSITY,T_SILT,T_OC,T_CEC_CLAY",2299,2035,774,510,0.771448914204343,0.771448914204343,0.818440726237095,0.724457102171591,0.748128864301985,0.781706902414145,0.542897828408687,0.794051148466108
mf_var,Plain MF RF,soil,6,0.5,all presence + equal modeled-zone absence,4992,2496,2496,9,"T_PH_H2O,T_SAND,T_BS,T_CEC_SOIL,T_TEB,T_OC,T_SILT,T_CEC_CLAY,T_GRAVEL",2261,1892,604,235,0.83193108974359,0.83193108974359,0.905849358974359,0.75801282051282,0.789179755671902,0.843499347136728,0.663862179487179,0.845108664247411
mf_var,Plain MF RF,soil,7,0.5,all presence + equal modeled-zone absence,5678,2839,2839,9,"T_CEC_SOIL,T_BS,T_TEB,T_SAND,T_CLAY,T_REF_BULK_DENSITY,T_OC,T_PH_H2O,T_CEC_CLAY",2464,1784,1055,375,0.748150757308912,0.748150757308912,0.867911236350828,0.628390278266996,0.700198920147769,0.775086505190312,0.496301514617823,0.779649949422581
mf_var,Plain MF RF,soil,9,0.5,all presence + equal modeled-zone absence,3976,1988,1988,9,"T_CACO3,T_CEC_SOIL,T_TEB,T_BS,T_GRAVEL,T_REF_BULK_DENSITY,T_PH_H2O,T_SILT,T_CEC_CLAY",1950,1634,354,38,0.901408450704225,0.901408450704225,0.980885311871227,0.821931589537223,0.846354166666667,0.908667287977633,0.802816901408451,0.910327786639353
mf_var,Plain MF RF,soil,10,0.5,all presence + equal modeled-zone absence,5612,2806,2806,9,"T_OC,T_SILT,T_PH_H2O,T_BS,T_CLAY,T_TEB,T_REF_BULK_DENSITY,T_CEC_CLAY,T_CEC_SOIL",2339,2319,487,467,0.830007127583749,0.830007127583749,0.833570919458304,0.826443335709195,0.827671620665251,0.830610795454546,0.660014255167498,0.849072588572802
mf_var,Plain MF RF,soil,11,0.5,all presence + equal modeled-zone absence,5394,2697,2697,9,"T_GRAVEL,T_REF_BULK_DENSITY,T_TEB,T_CEC_SOIL,T_SAND,T_SILT,T_PH_H2O,T_OC,T_CEC_CLAY",2347,2135,562,350,0.830923248053393,0.830923248053393,0.870226177233964,0.791620318872822,0.80680646270196,0.837317160185516,0.661846496106785,0.884892289583078
mf_var,Plain MF RF,soil,12,0.5,all presence + equal modeled-zone absence,5674,2837,2837,9,"T_CLAY,T_CEC_SOIL,T_SILT,T_BS,T_REF_BULK_DENSITY,T_TEB,T_PH_H2O,T_OC,T_CEC_CLAY",2411,2128,709,426,0.799964751498061,0.799964751498061,0.849841381741276,0.750088121254847,0.77275641025641,0.809467852946114,0.599929502996123,0.832147863800385
mf_var,Plain MF RF,soil,13,0.5,all presence + equal modeled-zone absence,5844,2922,2922,9,"T_CLAY,T_REF_BULK_DENSITY,T_SAND,T_PH_H2O,T_CEC_SOIL,T_CEC_CLAY,T_BS,T_TEB,T_OC",2632,2260,662,290,0.83709787816564,0.83709787816564,0.900752908966461,0.773442847364819,0.799028536733455,0.846846846846847,0.67419575633128,0.880317937841792
mf_var,Plain MF RF,soil,14,0.5,all presence + equal modeled-zone absence,4000,2000,2000,9,"T_SAND,T_SILT,T_PH_H2O,T_GRAVEL,T_TEB,T_OC,T_ESP,T_CEC_CLAY,T_CEC_SOIL",1834,1615,385,166,0.86225,0.86225,0.917,0.8075,0.826498422712934,0.869400331832188,0.7245,0.888844125
mf_var,Plain MF RF,soil,15,0.5,all presence + equal modeled-zone absence,5462,2731,2731,9,"T_CLAY,T_REF_BULK_DENSITY,T_GRAVEL,T_TEB,T_SAND,T_SILT,T_OC,T_CEC_CLAY,T_ESP",2435,2097,634,296,0.829732698645185,0.829732698645185,0.891614793116075,0.767850604174295,0.793418051482568,0.839655172413793,0.65946539729037,0.878019044666784
mf_var,Plain MF RF,soil,16,0.5,all presence + equal modeled-zone absence,5644,2822,2822,9,"T_CEC_CLAY,T_REF_BULK_DENSITY,T_SILT,T_PH_H2O,T_CEC_SOIL,T_CLAY,T_BS,T_TEB,T_OC",2617,2340,482,205,0.878277817150957,0.878277817150957,0.92735648476258,0.829199149539334,0.844465956760245,0.883972301976018,0.756555634301914,0.89382935083813
mf_var,Plain MF RF,soil,17,0.5,all presence + equal modeled-zone absence,998,499,499,9,"T_SAND,T_SILT,T_TEB,T_CASO4,T_CEC_CLAY,T_REF_BULK_DENSITY,T_OC,T_BS,T_GRAVEL",461,428,71,38,0.890781563126252,0.890781563126253,0.923847695390782,0.857715430861724,0.866541353383459,0.894277400581959,0.781563126252505,0.895709254179702
mf_var,Plain MF RF,soil,18,0.5,all presence + equal modeled-zone absence,5378,2689,2689,9,"T_PH_H2O,T_TEB,T_SILT,T_CEC_CLAY,T_BS,T_GRAVEL,T_CEC_SOIL,T_CLAY,T_OC",2181,2179,510,508,0.810710301227222,0.810710301227222,0.811082186686501,0.810338415767944,0.810479375696767,0.810780669144981,0.621420602454444,0.83792674340498
mf_var,Plain MF RF,soil,19,0.5,all presence + equal modeled-zone absence,4898,2449,2449,9,"T_SAND,T_GRAVEL,T_PH_H2O,T_ECE,T_REF_BULK_DENSITY,T_SILT,T_TEB,T_CACO3,T_OC",2162,2172,277,287,0.884850959575337,0.884850959575337,0.882809309922417,0.886892609228256,0.886428864288643,0.884615384615385,0.769701919150674,0.906294783530949
mf_var,Plain MF RF,soil,20,0.5,all presence + equal modeled-zone absence,5314,2657,2657,9,"T_ESP,T_CEC_CLAY,T_REF_BULK_DENSITY,T_OC,T_BS,T_CLAY,T_CEC_SOIL,T_ECE,T_GRAVEL",2545,2323,334,112,0.916070756492284,0.916070756492284,0.957847196085811,0.874294316898758,0.883987495658215,0.919436416184971,0.832141512984569,0.93329285917756
mf_var,Plain MF RF,soil,21,0.5,all presence + equal modeled-zone absence,5756,2878,2878,9,"T_CACO3,T_PH_H2O,T_TEB,T_SILT,T_REF_BULK_DENSITY,T_CLAY,T_CEC_SOIL,T_OC,T_CEC_CLAY",2776,2252,626,102,0.873523280055594,0.873523280055594,0.96455872133426,0.782487838776928,0.815990593768372,0.884076433121019,0.747046560111188,0.906731037160487
mf_var,Plain MF RF,soil,22,0.5,all presence + equal modeled-zone absence,4220,2110,2110,9,"T_CEC_CLAY,T_CEC_SOIL,T_PH_H2O,T_CLAY,T_ESP,T_TEB,T_SILT,T_OC,T_GRAVEL",1858,1729,381,252,0.85,0.85,0.880568720379147,0.819431279620853,0.829834747655203,0.854449298689354,0.7,0.884733496552189
mf_var,Plain MF RF,soil,23,0.5,all presence + equal modeled-zone absence,5722,2861,2861,9,"T_CEC_SOIL,T_CLAY,T_CACO3,T_PH_H2O,T_CASO4,T_GRAVEL,T_ESP,T_CEC_CLAY,T_OC",2676,2445,416,185,0.894966794826984,0.894966794826983,0.935337294652219,0.854596295001748,0.865459249676585,0.899042499580044,0.789933589653967,0.923581860748039
mf_var,Plain MF RF,soil,24,0.5,all presence + equal modeled-zone absence,5928,2964,2964,9,"T_CEC_CLAY,T_SAND,T_CLAY,T_CASO4,T_PH_H2O,T_TEB,T_SILT,T_REF_BULK_DENSITY,T_OC",2717,2465,499,247,0.874156545209177,0.874156545209177,0.916666666666667,0.831646423751687,0.844838308457712,0.879288025889968,0.748313090418354,0.90064802597431
mf_var,Plain MF RF,soil,25,0.5,all presence + equal modeled-zone absence,5582,2791,2791,9,"T_CEC_CLAY,T_REF_BULK_DENSITY,T_CEC_SOIL,T_TEB,T_CLAY,T_SILT,T_OC,T_PH_H2O,T_GRAVEL",2468,2122,669,323,0.822285919025439,0.822285919025439,0.884270870655679,0.760300967395199,0.786738922537456,0.832658569500675,0.644571838050878,0.890528315601114
mf_var,Plain MF RF,soil,26,0.5,all presence + equal modeled-zone absence,4296,2148,2148,9,"T_CEC_SOIL,T_CLAY,T_OC,T_SAND,T_CEC_CLAY,T_TEB,T_BS,T_PH_H2O,T_SILT",1848,1760,388,300,0.839851024208566,0.839851024208566,0.860335195530726,0.819366852886406,0.826475849731664,0.843065693430657,0.679702048417132,0.866867949571556
mf_var,Plain MF RF,soil,27,0.5,all presence + equal modeled-zone absence,5750,2875,2875,9,"T_BS,T_TEB,T_CEC_SOIL,T_SILT,T_CLAY,T_PH_H2O,T_OC,T_GRAVEL,T_CEC_CLAY",2521,2251,624,354,0.829913043478261,0.829913043478261,0.876869565217391,0.782956521739131,0.801589825119237,0.837541528239203,0.659826086956522,0.865062230623819
mf_var,Plain MF RF,soil,28,0.5,all presence + equal modeled-zone absence,4366,2183,2183,9,"T_GRAVEL,T_SAND,T_CEC_CLAY,T_OC,T_TEB,T_PH_H2O,T_CEC_SOIL,T_BS,T_SILT",1750,1565,618,433,0.75927622537792,0.75927622537792,0.801649106733852,0.716903344021988,0.73902027027027,0.769061744671501,0.518552450755841,0.795927028684779
mf_var,Plain MF RF,soil,29,0.5,all presence + equal modeled-zone absence,5278,2639,2639,9,"T_PH_H2O,T_CACO3,T_REF_BULK_DENSITY,T_CLAY,T_CEC_SOIL,T_ESP,T_CEC_CLAY,T_TEB,T_OC",2401,2312,327,238,0.892951875710496,0.892951875710496,0.909814323607427,0.876089427813566,0.880131964809384,0.894727035587852,0.785903751420993,0.926255122358662
mf_var,Plain MF RF,soil,30,0.5,all presence + equal modeled-zone absence,5756,2878,2878,9,"T_CLAY,T_PH_H2O,T_REF_BULK_DENSITY,T_OC,T_TEB,T_CEC_CLAY,T_SAND,T_SILT,T_BS",2626,2244,634,252,0.846073662265462,0.846073662265462,0.912439193884642,0.779708130646282,0.805521472392638,0.855653307266211,0.692147324530924,0.865722072167134
mf_var,Plain MF RF,soil,31,0.5,all presence + equal modeled-zone absence,5882,2941,2941,9,"T_BS,T_CEC_SOIL,T_SILT,T_TEB,T_PH_H2O,T_CEC_CLAY,T_OC,T_CLAY,T_GRAVEL",2745,2469,472,196,0.886433185991159,0.886433185991159,0.933356001360081,0.839510370622237,0.853279452906435,0.891523221825268,0.772866371982319,0.905324030424484
mf_var,Plain MF RF,soil,32,0.5,all presence + equal modeled-zone absence,4450,2225,2225,9,"T_CEC_CLAY,T_REF_BULK_DENSITY,T_OC,T_SAND,T_CLAY,T_TEB,T_CACO3,T_ESP,T_CASO4",1891,1856,369,334,0.842022471910113,0.842022471910113,0.849887640449438,0.834157303370787,0.836725663716814,0.843255295429209,0.684044943820225,0.904135134452721
mf_var,Plain MF RF,soil,33,0.5,all presence + equal modeled-zone absence,5846,2923,2923,9,"T_GRAVEL,T_TEB,T_CEC_SOIL,T_SAND,T_CEC_CLAY,T_CLAY,T_BS,T_REF_BULK_DENSITY,T_PH_H2O",2562,2327,596,361,0.836298323640096,0.836298323640096,0.876496749914472,0.79609989736572,0.811272957568081,0.842624568327578,0.672596647280192,0.894160637336757
mf_var,Plain MF RF,soil,34,0.5,all presence + equal modeled-zone absence,1898,949,949,9,"T_CEC_SOIL,T_CEC_CLAY,T_TEB,T_PH_H2O,T_CLAY,T_OC,T_SAND,T_BS,T_GRAVEL",861,797,152,88,0.873551106427819,0.873551106427819,0.9072708113804,0.839831401475237,0.84995064165844,0.877675840978593,0.747102212855638,0.900258827160974
mf_var,Plain MF RF,soil,35,0.5,all presence + equal modeled-zone absence,4034,2017,2017,9,"T_ECE,T_REF_BULK_DENSITY,T_CEC_CLAY,T_CACO3,T_CASO4,T_SAND,T_SILT,T_OC,T_TEB",1918,1790,227,99,0.919186911254338,0.919186911254338,0.950917203767972,0.887456618740704,0.894172494172494,0.921672272945699,0.838373822508676,0.930989047238286
mf_var,Plain MF RF,soil,36,0.5,all presence + equal modeled-zone absence,3574,1787,1787,9,"T_SAND,T_REF_BULK_DENSITY,T_BS,T_GRAVEL,T_OC,T_PH_H2O,T_CEC_CLAY,T_SILT,T_TEB",1698,1221,566,89,0.816731952993844,0.816731952993844,0.950195858981533,0.683268047006156,0.75,0.838311528017773,0.633463905987689,0.847071384484537
mf_var,Plain MF RF,soil,37,0.5,all presence + equal modeled-zone absence,5402,2701,2701,9,"T_BS,T_PH_H2O,T_CLAY,T_CEC_SOIL,T_TEB,T_SILT,T_GRAVEL,T_CEC_CLAY,T_OC",2316,2376,325,385,0.868567197334321,0.868567197334321,0.857460199925953,0.879674194742688,0.876940552820901,0.867090977162112,0.737134394668641,0.882998823505384
mf_var,Plain MF RF,soil,38,0.5,all presence + equal modeled-zone absence,3956,1978,1978,9,"T_ECE,T_CEC_SOIL,T_CLAY,T_REF_BULK_DENSITY,T_SILT,T_GRAVEL,T_OC,T_CACO3,T_SAND",1866,1886,92,112,0.948432760364004,0.948432760364004,0.943377148634985,0.953488372093023,0.953013278855975,0.948170731707317,0.896865520728008,0.95303418493213
mf_var,Plain MF RF,soil,39,0.5,all presence + equal modeled-zone absence,3562,1781,1781,9,"T_CLAY,T_PH_H2O,T_SAND,T_CEC_CLAY,T_REF_BULK_DENSITY,T_OC,T_CEC_SOIL,T_ESP,T_GRAVEL",1628,1347,434,153,0.835204941044357,0.835204941044357,0.914093206064009,0.756316676024705,0.789524733268671,0.847254748894093,0.670409882088714,0.84819627353552
mf_var,Plain MF RF,soil,40,0.5,all presence + equal modeled-zone absence,5680,2840,2840,9,"T_SAND,T_CLAY,T_REF_BULK_DENSITY,T_GRAVEL,T_BS,T_TEB,T_CEC_CLAY,T_OC,T_SILT",2488,2248,592,352,0.833802816901408,0.833802816901408,0.876056338028169,0.791549295774648,0.807792207792208,0.840540540540541,0.667605633802817,0.848210734477286
mf_var,Plain MF RF,soil,41,0.5,all presence + equal modeled-zone absence,4978,2489,2489,9,"T_SAND,T_SILT,T_REF_BULK_DENSITY,T_CEC_SOIL,T_CLAY,T_CEC_CLAY,T_PH_H2O,T_OC,T_TEB",2071,2170,319,418,0.851948573724387,0.851948573724387,0.83206106870229,0.871836078746485,0.86652719665272,0.848944455831113,0.703897147448775,0.881106438437603
mf_var,Plain MF RF,soil,42,0.5,all presence + equal modeled-zone absence,5468,2734,2734,9,"T_REF_BULK_DENSITY,T_TEB,T_PH_H2O,T_SILT,T_OC,T_CLAY,T_ESP,T_GRAVEL,T_CEC_CLAY",2601,2333,401,133,0.902340892465252,0.902340892465252,0.951353328456474,0.853328456474031,0.866422385076616,0.906903765690376,0.804681784930505,0.915088599547597
mf_var,Plain MF RF,soil,43,0.5,all presence + equal modeled-zone absence,2006,1003,1003,9,"T_BS,T_SAND,T_GRAVEL,T_CEC_CLAY,T_REF_BULK_DENSITY,T_TEB,T_CLAY,T_CEC_SOIL,T_OC",927,881,122,76,0.901296111665005,0.901296111665005,0.924227318045862,0.878364905284148,0.883698760724499,0.903508771929825,0.80259222333001,0.92732619688293
mf_var,Plain MF RF,soil,44,0.5,all presence + equal modeled-zone absence,5648,2824,2824,9,"T_TEB,T_GRAVEL,T_BS,T_ESP,T_CLAY,T_OC,T_SILT,T_REF_BULK_DENSITY,T_CEC_CLAY",2470,2216,608,354,0.829674220963173,0.829674220963173,0.874645892351275,0.784702549575071,0.802469135802469,0.837004405286344,0.659348441926346,0.839356068281585
mf_var,Plain MF RF,soil,45,0.5,all presence + equal modeled-zone absence,3236,1618,1618,9,"T_CEC_CLAY,T_GRAVEL,T_SILT,T_BS,T_REF_BULK_DENSITY,T_PH_H2O,T_OC,T_CEC_SOIL,T_CLAY",1363,1348,270,255,0.837762669962917,0.837762669962917,0.842398022249691,0.833127317676143,0.834660134721372,0.838511227314672,0.675525339925834,0.846354401426474
mf_var,Plain MF RF,soil,46,0.5,all presence + equal modeled-zone absence,5234,2617,2617,9,"T_SAND,T_CEC_CLAY,T_BS,T_CLAY,T_REF_BULK_DENSITY,T_SILT,T_TEB,T_PH_H2O,T_CEC_SOIL",2367,1823,794,250,0.800534963698892,0.800534963698892,0.904470768055025,0.696599159342759,0.748813666561215,0.819314641744548,0.601069927397784,0.818235723654556
mf_var,Plain MF RF,soil,47,0.5,all presence + equal modeled-zone absence,5506,2753,2753,9,"T_PH_H2O,T_TEB,T_SILT,T_BS,T_SAND,T_CLAY,T_OC,T_REF_BULK_DENSITY,T_CEC_CLAY",2348,2162,591,405,0.8191064293498,0.8191064293498,0.852887758808573,0.785325099891028,0.79891119428377,0.825017568517217,0.638212858699601,0.879147986234084
mf_var,Plain MF RF,soil,48,0.5,all presence + equal modeled-zone absence,908,454,454,9,"T_CEC_SOIL,T_BS,T_GRAVEL,T_SILT,T_TEB,T_OC,T_PH_H2O,T_CEC_CLAY,T_SAND",422,394,60,32,0.898678414096916,0.898678414096916,0.929515418502203,0.86784140969163,0.87551867219917,0.901709401709402,0.797356828193833,0.918756913582643
mf_var,Plain MF RF,soil,49,0.5,all presence + equal modeled-zone absence,5426,2713,2713,9,"T_CLAY,T_REF_BULK_DENSITY,T_SAND,T_ESP,T_TEB,T_CEC_CLAY,T_BS,T_SILT,T_PH_H2O",2540,2026,687,173,0.841503870254331,0.841503870254331,0.936232952451161,0.746774788057501,0.787108769755191,0.855218855218855,0.683007740508662,0.866384008736519
mf_var,Plain MF RF,soil,50,0.5,all presence + equal modeled-zone absence,1252,626,626,9,"T_CEC_CLAY,T_TEB,T_CLAY,T_GRAVEL,T_CEC_SOIL,T_REF_BULK_DENSITY,T_OC,T_SAND,T_SILT",581,517,109,45,0.876996805111821,0.876996805111821,0.928115015974441,0.825878594249201,0.842028985507246,0.882978723404255,0.753993610223642,0.908982688401433
mf_var,Plain MF RF,soil,52,0.5,all presence + equal modeled-zone absence,3590,1795,1795,9,"T_CEC_SOIL,T_TEB,T_SAND,T_PH_H2O,T_REF_BULK_DENSITY,T_CLAY,T_BS,T_SILT,T_CEC_CLAY",1729,1625,170,66,0.934261838440112,0.934261838440111,0.963231197771588,0.905292479108635,0.910479199578726,0.936112615051435,0.868523676880223,0.953240431095352
mf_var,Plain MF RF,soil,53,0.5,all presence + equal modeled-zone absence,4752,2376,2376,9,"T_BS,T_CEC_SOIL,T_REF_BULK_DENSITY,T_OC,T_PH_H2O,T_CLAY,T_CEC_CLAY,T_SILT,T_TEB",2247,2193,183,129,0.934343434343434,0.934343434343434,0.945707070707071,0.922979797979798,0.924691358024691,0.935081148564295,0.868686868686869,0.938999191550749
mf_var,Plain MF RF,soil,54,0.5,all presence + equal modeled-zone absence,2650,1325,1325,9,"T_PH_H2O,T_SAND,T_OC,T_CASO4,T_CLAY,T_REF_BULK_DENSITY,T_CEC_SOIL,T_CEC_CLAY,T_GRAVEL",1258,1235,90,67,0.940754716981132,0.940754716981132,0.949433962264151,0.932075471698113,0.933234421364985,0.941264496820052,0.881509433962264,0.959719473122107
mf_var,Plain MF RF,soil,55,0.5,all presence + equal modeled-zone absence,2198,1099,1099,9,"T_CLAY,T_ESP,T_SAND,T_BS,T_PH_H2O,T_TEB,T_CEC_CLAY,T_SILT,T_GRAVEL",1034,995,104,65,0.923111919927207,0.923111919927207,0.940855323020928,0.905368516833485,0.908611599297012,0.924452391595887,0.846223839854413,0.954527691233904
rf_var,Plain RF,soil,1,0.5,all presence + equal modeled-zone absence,3198,1599,1599,9,"T_REF_BULK_DENSITY,T_SAND,T_CLAY,T_SILT,T_CEC_SOIL,T_PH_H2O,T_TEB,T_CEC_CLAY,T_OC",1422,1147,452,177,0.803314571607255,0.803314571607255,0.889305816135084,0.717323327079425,0.75880469583778,0.818888568960553,0.606629143214509,0.837018015872178
rf_var,Plain RF,soil,2,0.5,all presence + equal modeled-zone absence,5676,2838,2838,9,"T_CACO3,T_BS,T_GRAVEL,T_TEB,T_OC,T_SILT,T_PH_H2O,T_CEC_SOIL,T_CEC_CLAY",2559,2239,599,279,0.845313601127555,0.845313601127555,0.90169133192389,0.788935870331219,0.810322989233692,0.853569046030687,0.690627202255109,0.867599677884107
rf_var,Plain RF,soil,3,0.5,all presence + equal modeled-zone absence,5966,2983,2983,9,"T_CACO3,T_CLAY,T_SAND,T_TEB,T_OC,T_REF_BULK_DENSITY,T_BS,T_PH_H2O,T_CEC_CLAY",2697,2116,867,286,0.806738183037211,0.806738183037211,0.904123365739189,0.709353000335233,0.756734006734007,0.823888804032381,0.613476366074422,0.837340695497753
rf_var,Plain RF,soil,4,0.5,all presence + equal modeled-zone absence,5008,2504,2504,9,"T_TEB,T_BS,T_PH_H2O,T_REF_BULK_DENSITY,T_SAND,T_CEC_CLAY,T_CEC_SOIL,T_OC,T_GRAVEL",1748,2077,427,756,0.763777955271566,0.763777955271566,0.698083067092652,0.829472843450479,0.80367816091954,0.747168198332977,0.527555910543131,0.838164288575978
rf_var,Plain RF,soil,5,0.5,all presence + equal modeled-zone absence,5618,2809,2809,9,"T_CEC_SOIL,T_CLAY,T_CACO3,T_PH_H2O,T_TEB,T_REF_BULK_DENSITY,T_SILT,T_OC,T_CEC_CLAY",2301,2020,789,508,0.769134923460306,0.769134923460306,0.819152723389107,0.719117123531506,0.744660194174757,0.780132225800983,0.538269846920612,0.794633875932278
rf_var,Plain RF,soil,6,0.5,all presence + equal modeled-zone absence,4992,2496,2496,9,"T_PH_H2O,T_SAND,T_BS,T_CEC_SOIL,T_TEB,T_OC,T_SILT,T_CEC_CLAY,T_GRAVEL",2261,1891,605,235,0.831730769230769,0.831730769230769,0.905849358974359,0.75761217948718,0.788904396371249,0.843342036553525,0.663461538461538,0.845357299242891
rf_var,Plain RF,soil,7,0.5,all presence + equal modeled-zone absence,5678,2839,2839,9,"T_CEC_SOIL,T_BS,T_TEB,T_SAND,T_CLAY,T_REF_BULK_DENSITY,T_OC,T_PH_H2O,T_CEC_CLAY",2465,1784,1055,374,0.748326875660444,0.748326875660444,0.868263473053892,0.628390278266996,0.700284090909091,0.775279131938984,0.496653751320888,0.780881599211704
rf_var,Plain RF,soil,9,0.5,all presence + equal modeled-zone absence,3976,1988,1988,9,"T_CACO3,T_CEC_SOIL,T_TEB,T_BS,T_GRAVEL,T_REF_BULK_DENSITY,T_PH_H2O,T_SILT,T_CEC_CLAY",1950,1634,354,38,0.901408450704225,0.901408450704225,0.980885311871227,0.821931589537223,0.846354166666667,0.908667287977633,0.802816901408451,0.910023268382933
rf_var,Plain RF,soil,10,0.5,all presence + equal modeled-zone absence,5612,2806,2806,9,"T_OC,T_SILT,T_PH_H2O,T_BS,T_CLAY,T_TEB,T_REF_BULK_DENSITY,T_CEC_CLAY,T_CEC_SOIL",2348,2292,514,458,0.82679971489665,0.82679971489665,0.836778332145403,0.816821097647897,0.820405310971349,0.828510938602682,0.6535994297933,0.850719985023438
rf_var,Plain RF,soil,11,0.5,all presence + equal modeled-zone absence,5394,2697,2697,9,"T_GRAVEL,T_REF_BULK_DENSITY,T_TEB,T_CEC_SOIL,T_SAND,T_SILT,T_PH_H2O,T_OC,T_CEC_CLAY",2349,2131,566,348,0.830552465702633,0.830552465702633,0.870967741935484,0.790137189469781,0.805831903945112,0.837134711332858,0.661104931405265,0.884949343597007
rf_var,Plain RF,soil,12,0.5,all presence + equal modeled-zone absence,5674,2837,2837,9,"T_CLAY,T_CEC_SOIL,T_SILT,T_BS,T_REF_BULK_DENSITY,T_TEB,T_PH_H2O,T_OC,T_CEC_CLAY",2411,2128,709,426,0.799964751498061,0.799964751498061,0.849841381741276,0.750088121254847,0.77275641025641,0.809467852946114,0.599929502996123,0.837457068455274
rf_var,Plain RF,soil,13,0.5,all presence + equal modeled-zone absence,5844,2922,2922,9,"T_CLAY,T_REF_BULK_DENSITY,T_SAND,T_PH_H2O,T_CEC_SOIL,T_CEC_CLAY,T_BS,T_TEB,T_OC",2666,2238,684,256,0.839151266255989,0.839151266255989,0.912388774811773,0.765913757700205,0.795820895522388,0.850127551020408,0.678302532511978,0.874787481594231
rf_var,Plain RF,soil,14,0.5,all presence + equal modeled-zone absence,4000,2000,2000,9,"T_SAND,T_SILT,T_PH_H2O,T_GRAVEL,T_TEB,T_OC,T_ESP,T_CEC_CLAY,T_CEC_SOIL",1834,1615,385,166,0.86225,0.86225,0.917,0.8075,0.826498422712934,0.869400331832188,0.7245,0.88745325
rf_var,Plain RF,soil,15,0.5,all presence + equal modeled-zone absence,5462,2731,2731,9,"T_CLAY,T_REF_BULK_DENSITY,T_GRAVEL,T_TEB,T_SAND,T_SILT,T_OC,T_CEC_CLAY,T_ESP",2436,2097,634,295,0.829915781764921,0.829915781764921,0.891980959355547,0.767850604174295,0.793485342019544,0.839855197379762,0.659831563529843,0.873658368105271
rf_var,Plain RF,soil,16,0.5,all presence + equal modeled-zone absence,5644,2822,2822,9,"T_CEC_CLAY,T_REF_BULK_DENSITY,T_SILT,T_PH_H2O,T_CEC_SOIL,T_CLAY,T_BS,T_TEB,T_OC",2611,2342,480,211,0.877569099929128,0.877569099929128,0.925230333097094,0.829907866761162,0.844710449692656,0.883138846609166,0.755138199858257,0.893723809232009
rf_var,Plain RF,soil,17,0.5,all presence + equal modeled-zone absence,998,499,499,9,"T_SAND,T_SILT,T_TEB,T_CASO4,T_CEC_CLAY,T_REF_BULK_DENSITY,T_OC,T_BS,T_GRAVEL",461,428,71,38,0.890781563126252,0.890781563126253,0.923847695390782,0.857715430861724,0.866541353383459,0.894277400581959,0.781563126252505,0.895050622286657
rf_var,Plain RF,soil,18,0.5,all presence + equal modeled-zone absence,5378,2689,2689,9,"T_PH_H2O,T_TEB,T_SILT,T_CEC_CLAY,T_BS,T_GRAVEL,T_CEC_SOIL,T_CLAY,T_OC",2181,2179,510,508,0.810710301227222,0.810710301227222,0.811082186686501,0.810338415767944,0.810479375696767,0.810780669144981,0.621420602454444,0.839464833451602
rf_var,Plain RF,soil,19,0.5,all presence + equal modeled-zone absence,4898,2449,2449,9,"T_SAND,T_GRAVEL,T_PH_H2O,T_ECE,T_REF_BULK_DENSITY,T_SILT,T_TEB,T_CACO3,T_OC",2162,2172,277,287,0.884850959575337,0.884850959575337,0.882809309922417,0.886892609228256,0.886428864288643,0.884615384615385,0.769701919150674,0.906614828162127
rf_var,Plain RF,soil,20,0.5,all presence + equal modeled-zone absence,5314,2657,2657,9,"T_ESP,T_CEC_CLAY,T_REF_BULK_DENSITY,T_OC,T_BS,T_CLAY,T_CEC_SOIL,T_ECE,T_GRAVEL",2545,2323,334,112,0.916070756492284,0.916070756492284,0.957847196085811,0.874294316898758,0.883987495658215,0.919436416184971,0.832141512984569,0.932996881289707
rf_var,Plain RF,soil,21,0.5,all presence + equal modeled-zone absence,5756,2878,2878,9,"T_CACO3,T_PH_H2O,T_TEB,T_SILT,T_REF_BULK_DENSITY,T_CLAY,T_CEC_SOIL,T_OC,T_CEC_CLAY",2776,2252,626,102,0.873523280055594,0.873523280055594,0.96455872133426,0.782487838776928,0.815990593768372,0.884076433121019,0.747046560111188,0.905167753164236
rf_var,Plain RF,soil,22,0.5,all presence + equal modeled-zone absence,4220,2110,2110,9,"T_CEC_CLAY,T_CEC_SOIL,T_PH_H2O,T_CLAY,T_ESP,T_TEB,T_SILT,T_OC,T_GRAVEL",1858,1730,380,252,0.850236966824645,0.850236966824645,0.880568720379147,0.819905213270142,0.830205540661305,0.854645814167433,0.700473933649289,0.884856135306934
rf_var,Plain RF,soil,23,0.5,all presence + equal modeled-zone absence,5722,2861,2861,9,"T_CEC_SOIL,T_CLAY,T_CACO3,T_PH_H2O,T_CASO4,T_GRAVEL,T_ESP,T_CEC_CLAY,T_OC",2676,2445,416,185,0.894966794826984,0.894966794826983,0.935337294652219,0.854596295001748,0.865459249676585,0.899042499580044,0.789933589653967,0.922164872947561
rf_var,Plain RF,soil,24,0.5,all presence + equal modeled-zone absence,5928,2964,2964,9,"T_CEC_CLAY,T_SAND,T_CLAY,T_CASO4,T_PH_H2O,T_TEB,T_SILT,T_REF_BULK_DENSITY,T_OC",2717,2467,497,247,0.874493927125506,0.874493927125506,0.916666666666667,0.832321187584346,0.845364032358432,0.879572677241826,0.748987854251012,0.898738642386096
rf_var,Plain RF,soil,25,0.5,all presence + equal modeled-zone absence,5582,2791,2791,9,"T_CEC_CLAY,T_REF_BULK_DENSITY,T_CEC_SOIL,T_TEB,T_CLAY,T_SILT,T_OC,T_PH_H2O,T_GRAVEL",2468,2122,669,323,0.822285919025439,0.822285919025439,0.884270870655679,0.760300967395199,0.786738922537456,0.832658569500675,0.644571838050878,0.855463015751223
rf_var,Plain RF,soil,26,0.5,all presence + equal modeled-zone absence,4296,2148,2148,9,"T_CEC_SOIL,T_CLAY,T_OC,T_SAND,T_CEC_CLAY,T_TEB,T_BS,T_PH_H2O,T_SILT",1823,1769,379,325,0.836126629422719,0.836126629422719,0.848696461824953,0.823556797020484,0.827883742052679,0.83816091954023,0.672253258845438,0.863024349878108
rf_var,Plain RF,soil,27,0.5,all presence + equal modeled-zone absence,5750,2875,2875,9,"T_BS,T_TEB,T_CEC_SOIL,T_SILT,T_CLAY,T_PH_H2O,T_OC,T_GRAVEL,T_CEC_CLAY",2521,2251,624,354,0.829913043478261,0.829913043478261,0.876869565217391,0.782956521739131,0.801589825119237,0.837541528239203,0.659826086956522,0.857833920604915
rf_var,Plain RF,soil,28,0.5,all presence + equal modeled-zone absence,4366,2183,2183,9,"T_GRAVEL,T_SAND,T_CEC_CLAY,T_OC,T_TEB,T_PH_H2O,T_CEC_SOIL,T_BS,T_SILT",1750,1565,618,433,0.75927622537792,0.75927622537792,0.801649106733852,0.716903344021988,0.73902027027027,0.769061744671501,0.518552450755841,0.79583280960254
rf_var,Plain RF,soil,29,0.5,all presence + equal modeled-zone absence,5278,2639,2639,9,"T_PH_H2O,T_CACO3,T_REF_BULK_DENSITY,T_CLAY,T_CEC_SOIL,T_ESP,T_CEC_CLAY,T_TEB,T_OC",2401,2312,327,238,0.892951875710496,0.892951875710496,0.909814323607427,0.876089427813566,0.880131964809384,0.894727035587852,0.785903751420993,0.926268188959125
rf_var,Plain RF,soil,30,0.5,all presence + equal modeled-zone absence,5756,2878,2878,9,"T_CLAY,T_PH_H2O,T_REF_BULK_DENSITY,T_OC,T_TEB,T_CEC_CLAY,T_SAND,T_SILT,T_BS",2626,2241,637,252,0.845552466990966,0.845552466990966,0.912439193884642,0.77866574009729,0.804780876494024,0.855235303696466,0.691104933981932,0.861675051829773
rf_var,Plain RF,soil,31,0.5,all presence + equal modeled-zone absence,5882,2941,2941,9,"T_BS,T_CEC_SOIL,T_SILT,T_TEB,T_PH_H2O,T_CEC_CLAY,T_OC,T_CLAY,T_GRAVEL",2745,2469,472,196,0.886433185991159,0.886433185991159,0.933356001360081,0.839510370622237,0.853279452906435,0.891523221825268,0.772866371982319,0.9045754305952
rf_var,Plain RF,soil,32,0.5,all presence + equal modeled-zone absence,4450,2225,2225,9,"T_CEC_CLAY,T_REF_BULK_DENSITY,T_OC,T_SAND,T_CLAY,T_TEB,T_CACO3,T_ESP,T_CASO4",1891,1856,369,334,0.842022471910113,0.842022471910113,0.849887640449438,0.834157303370787,0.836725663716814,0.843255295429209,0.684044943820225,0.903526120439338
rf_var,Plain RF,soil,33,0.5,all presence + equal modeled-zone absence,5846,2923,2923,9,"T_GRAVEL,T_TEB,T_CEC_SOIL,T_SAND,T_CEC_CLAY,T_CLAY,T_BS,T_REF_BULK_DENSITY,T_PH_H2O",2539,2360,563,384,0.83800889497092,0.83800889497092,0.868628121792679,0.807389668149162,0.818504190844616,0.842821576763486,0.676017789941841,0.890277178099209
rf_var,Plain RF,soil,34,0.5,all presence + equal modeled-zone absence,1898,949,949,9,"T_CEC_SOIL,T_CEC_CLAY,T_TEB,T_PH_H2O,T_CLAY,T_OC,T_SAND,T_BS,T_GRAVEL",861,797,152,88,0.873551106427819,0.873551106427819,0.9072708113804,0.839831401475237,0.84995064165844,0.877675840978593,0.747102212855638,0.900300466022134
rf_var,Plain RF,soil,35,0.5,all presence + equal modeled-zone absence,4034,2017,2017,9,"T_ECE,T_REF_BULK_DENSITY,T_CEC_CLAY,T_CACO3,T_CASO4,T_SAND,T_SILT,T_OC,T_TEB",1918,1790,227,99,0.919186911254338,0.919186911254338,0.950917203767972,0.887456618740704,0.894172494172494,0.921672272945699,0.838373822508676,0.93005020046511
rf_var,Plain RF,soil,36,0.5,all presence + equal modeled-zone absence,3574,1787,1787,9,"T_SAND,T_REF_BULK_DENSITY,T_BS,T_GRAVEL,T_OC,T_PH_H2O,T_CEC_CLAY,T_SILT,T_TEB",1698,1221,566,89,0.816731952993844,0.816731952993844,0.950195858981533,0.683268047006156,0.75,0.838311528017773,0.633463905987689,0.847036155232922
rf_var,Plain RF,soil,37,0.5,all presence + equal modeled-zone absence,5402,2701,2701,9,"T_BS,T_PH_H2O,T_CLAY,T_CEC_SOIL,T_TEB,T_SILT,T_GRAVEL,T_CEC_CLAY,T_OC",2316,2376,325,385,0.868567197334321,0.868567197334321,0.857460199925953,0.879674194742688,0.876940552820901,0.867090977162112,0.737134394668641,0.881127987344356
rf_var,Plain RF,soil,38,0.5,all presence + equal modeled-zone absence,3956,1978,1978,9,"T_ECE,T_CEC_SOIL,T_CLAY,T_REF_BULK_DENSITY,T_SILT,T_GRAVEL,T_OC,T_CACO3,T_SAND",1866,1886,92,112,0.948432760364004,0.948432760364004,0.943377148634985,0.953488372093023,0.953013278855975,0.948170731707317,0.896865520728008,0.953016421281212
rf_var,Plain RF,soil,39,0.5,all presence + equal modeled-zone absence,3562,1781,1781,9,"T_CLAY,T_PH_H2O,T_SAND,T_CEC_CLAY,T_REF_BULK_DENSITY,T_OC,T_CEC_SOIL,T_ESP,T_GRAVEL",1628,1347,434,153,0.835204941044357,0.835204941044357,0.914093206064009,0.756316676024705,0.789524733268671,0.847254748894093,0.670409882088714,0.848400878825433
rf_var,Plain RF,soil,40,0.5,all presence + equal modeled-zone absence,5680,2840,2840,9,"T_SAND,T_CLAY,T_REF_BULK_DENSITY,T_GRAVEL,T_BS,T_TEB,T_CEC_CLAY,T_OC,T_SILT",2488,2248,592,352,0.833802816901408,0.833802816901408,0.876056338028169,0.791549295774648,0.807792207792208,0.840540540540541,0.667605633802817,0.84724211465979
rf_var,Plain RF,soil,41,0.5,all presence + equal modeled-zone absence,4978,2489,2489,9,"T_SAND,T_SILT,T_REF_BULK_DENSITY,T_CEC_SOIL,T_CLAY,T_CEC_CLAY,T_PH_H2O,T_OC,T_TEB",2071,2170,319,418,0.851948573724387,0.851948573724387,0.83206106870229,0.871836078746485,0.86652719665272,0.848944455831113,0.703897147448775,0.870552810832912
rf_var,Plain RF,soil,42,0.5,all presence + equal modeled-zone absence,5468,2734,2734,9,"T_REF_BULK_DENSITY,T_TEB,T_PH_H2O,T_SILT,T_OC,T_CLAY,T_ESP,T_GRAVEL,T_CEC_CLAY",2601,2333,401,133,0.902340892465252,0.902340892465252,0.951353328456474,0.853328456474031,0.866422385076616,0.906903765690376,0.804681784930505,0.914468913767888
rf_var,Plain RF,soil,43,0.5,all presence + equal modeled-zone absence,2006,1003,1003,9,"T_BS,T_SAND,T_GRAVEL,T_CEC_CLAY,T_REF_BULK_DENSITY,T_TEB,T_CLAY,T_CEC_SOIL,T_OC",927,881,122,76,0.901296111665005,0.901296111665005,0.924227318045862,0.878364905284148,0.883698760724499,0.903508771929825,0.80259222333001,0.927231764328152
rf_var,Plain RF,soil,44,0.5,all presence + equal modeled-zone absence,5648,2824,2824,9,"T_TEB,T_GRAVEL,T_BS,T_ESP,T_CLAY,T_OC,T_SILT,T_REF_BULK_DENSITY,T_CEC_CLAY",2470,2216,608,354,0.829674220963173,0.829674220963173,0.874645892351275,0.784702549575071,0.802469135802469,0.837004405286344,0.659348441926346,0.839900646722949
rf_var,Plain RF,soil,45,0.5,all presence + equal modeled-zone absence,3236,1618,1618,9,"T_CEC_CLAY,T_GRAVEL,T_SILT,T_BS,T_REF_BULK_DENSITY,T_PH_H2O,T_OC,T_CEC_SOIL,T_CLAY",1363,1348,270,255,0.837762669962917,0.837762669962917,0.842398022249691,0.833127317676143,0.834660134721372,0.838511227314672,0.675525339925834,0.845910920255897
rf_var,Plain RF,soil,46,0.5,all presence + equal modeled-zone absence,5234,2617,2617,9,"T_SAND,T_CEC_CLAY,T_BS,T_CLAY,T_REF_BULK_DENSITY,T_SILT,T_TEB,T_PH_H2O,T_CEC_SOIL",2367,1823,794,250,0.800534963698892,0.800534963698892,0.904470768055025,0.696599159342759,0.748813666561215,0.819314641744548,0.601069927397784,0.818375823460519
rf_var,Plain RF,soil,47,0.5,all presence + equal modeled-zone absence,5506,2753,2753,9,"T_PH_H2O,T_TEB,T_SILT,T_BS,T_SAND,T_CLAY,T_OC,T_REF_BULK_DENSITY,T_CEC_CLAY",2350,2162,591,403,0.819469669451508,0.819469669451508,0.853614239011987,0.785325099891028,0.799047942876573,0.825430277485072,0.638939338903015,0.851421933923023
rf_var,Plain RF,soil,48,0.5,all presence + equal modeled-zone absence,908,454,454,9,"T_CEC_SOIL,T_BS,T_GRAVEL,T_SILT,T_TEB,T_OC,T_PH_H2O,T_CEC_CLAY,T_SAND",422,394,60,32,0.898678414096916,0.898678414096916,0.929515418502203,0.86784140969163,0.87551867219917,0.901709401709402,0.797356828193833,0.918909740146325
rf_var,Plain RF,soil,49,0.5,all presence + equal modeled-zone absence,5426,2713,2713,9,"T_CLAY,T_REF_BULK_DENSITY,T_SAND,T_ESP,T_TEB,T_CEC_CLAY,T_BS,T_SILT,T_PH_H2O",2543,2023,690,170,0.841503870254331,0.841503870254331,0.937338739402875,0.745669001105787,0.786575935663471,0.855364951227716,0.683007740508662,0.866280209592753
rf_var,Plain RF,soil,50,0.5,all presence + equal modeled-zone absence,1252,626,626,9,"T_CEC_CLAY,T_TEB,T_CLAY,T_GRAVEL,T_CEC_SOIL,T_REF_BULK_DENSITY,T_OC,T_SAND,T_SILT",581,517,109,45,0.876996805111821,0.876996805111821,0.928115015974441,0.825878594249201,0.842028985507246,0.882978723404255,0.753993610223642,0.909220008369995
rf_var,Plain RF,soil,52,0.5,all presence + equal modeled-zone absence,3590,1795,1795,9,"T_CEC_SOIL,T_TEB,T_SAND,T_PH_H2O,T_REF_BULK_DENSITY,T_CLAY,T_BS,T_SILT,T_CEC_CLAY",1729,1625,170,66,0.934261838440112,0.934261838440111,0.963231197771588,0.905292479108635,0.910479199578726,0.936112615051435,0.868523676880223,0.952806852833234
rf_var,Plain RF,soil,53,0.5,all presence + equal modeled-zone absence,4752,2376,2376,9,"T_BS,T_CEC_SOIL,T_REF_BULK_DENSITY,T_OC,T_PH_H2O,T_CLAY,T_CEC_CLAY,T_SILT,T_TEB",2246,2193,183,130,0.934132996632997,0.934132996632997,0.945286195286195,0.922979797979798,0.924660354055167,0.934859521331946,0.868265993265993,0.939034884478908
rf_var,Plain RF,soil,54,0.5,all presence + equal modeled-zone absence,2650,1325,1325,9,"T_PH_H2O,T_SAND,T_OC,T_CASO4,T_CLAY,T_REF_BULK_DENSITY,T_CEC_SOIL,T_CEC_CLAY,T_GRAVEL",1258,1235,90,67,0.940754716981132,0.940754716981132,0.949433962264151,0.932075471698113,0.933234421364985,0.941264496820052,0.881509433962264,0.959849341402634
rf_var,Plain RF,soil,55,0.5,all presence + equal modeled-zone absence,2198,1099,1099,9,"T_CLAY,T_ESP,T_SAND,T_BS,T_PH_H2O,T_TEB,T_CEC_CLAY,T_SILT,T_GRAVEL",1034,996,103,65,0.923566878980892,0.923566878980892,0.940855323020928,0.906278434940855,0.909410729991205,0.924865831842576,0.847133757961784,0.954330224929438
