dataset,variable,n_sample,n_training_finite,n_raster_finite,n_both_finite,finite_mask_match,value_match_with_tolerance,correlation,mean_absolute_difference,max_absolute_difference
climate_training,AHM,10000,10000,10000,10000,1,1,1,6.36336511261604e-14,5.00222085975111e-12
climate_training,CMD,10000,10000,10000,10000,1,1,1,0,0
climate_training,CMD_at,10000,10000,10000,10000,1,1,1,0,0
climate_training,CMD_sm,10000,10000,10000,10000,1,1,1,0,0
climate_training,CMD_sp,10000,10000,10000,10000,1,1,1,0,0
climate_training,CMD_wt,10000,10000,10000,10000,1,1,1,0,0
climate_training,DD_0,10000,10000,10000,10000,1,1,1,0,0
climate_training,DD_0_at,10000,10000,10000,10000,1,1,1,0,0
climate_training,DD_0_sm,10000,10000,10000,10000,1,1,1,0,0
climate_training,DD_0_sp,10000,10000,10000,10000,1,1,1,0,0
climate_training,DD_0_wt,10000,10000,10000,10000,1,1,1,0,0
climate_training,DD_18,10000,10000,10000,10000,1,1,1,0,0
climate_training,DD_18_at,10000,10000,10000,10000,1,1,1,0,0
climate_training,DD_18_sm,10000,10000,10000,10000,1,1,1,0,0
climate_training,DD_18_sp,10000,10000,10000,10000,1,1,1,0,0
climate_training,DD_18_wt,10000,10000,10000,10000,1,1,1,0,0
climate_training,DD18,10000,10000,10000,10000,1,1,1,0,0
climate_training,DD18_at,10000,10000,10000,10000,1,1,1,0,0
climate_training,DD18_sm,10000,10000,10000,10000,1,1,1,0,0
climate_training,DD18_sp,10000,10000,10000,10000,1,1,1,0,0
climate_training,DD18_wt,10000,10000,10000,10000,1,1,1,0,0
climate_training,DD5,10000,10000,10000,10000,1,1,1,0,0
climate_training,DD5_at,10000,10000,10000,10000,1,1,1,0,0
climate_training,DD5_sm,10000,10000,10000,10000,1,1,1,0,0
climate_training,DD5_sp,10000,10000,10000,10000,1,1,1,0,0
climate_training,DD5_wt,10000,10000,10000,10000,1,1,1,0,0
climate_training,EMT,10000,10000,10000,10000,1,1,1,2.18549248143241e-14,5.32907051820075e-14
climate_training,Eref,10000,10000,10000,10000,1,1,1,0,0
climate_training,Eref_at,10000,10000,10000,10000,1,1,1,0,0
climate_training,Eref_sm,10000,10000,10000,10000,1,1,1,0,0
climate_training,Eref_sp,10000,10000,10000,10000,1,1,1,0,0
climate_training,Eref_wt,10000,10000,10000,10000,1,1,1,0,0
climate_training,EXT,10000,10000,10000,10000,1,1,1,2.46728859565337e-14,5.32907051820075e-14
climate_training,MAP,10000,10000,10000,10000,1,1,1,0,0
climate_training,MAT,10000,10000,10000,10000,1,1,1,1.03793654226969e-14,5.32907051820075e-14
climate_training,MCMT,10000,10000,10000,10000,1,1,1,1.64633695565186e-14,5.32907051820075e-14
climate_training,MWMT,10000,10000,10000,10000,1,1,1,2.3518352543217e-14,5.32907051820075e-14
climate_training,NFFD,10000,10000,10000,10000,1,1,1,0,0
climate_training,NFFD_at,10000,10000,10000,10000,1,1,1,0,0
climate_training,NFFD_sm,10000,10000,10000,10000,1,1,1,0,0
climate_training,NFFD_sp,10000,10000,10000,10000,1,1,1,0,0
climate_training,NFFD_wt,10000,10000,10000,10000,1,1,1,0,0
climate_training,PAS,10000,10000,10000,10000,1,1,1,0,0
climate_training,PAS_at,10000,10000,10000,10000,1,1,1,0,0
climate_training,PAS_sm,10000,10000,10000,10000,1,1,1,0,0
climate_training,PAS_sp,10000,10000,10000,10000,1,1,1,0,0
climate_training,PAS_wt,10000,10000,10000,10000,1,1,1,0,0
climate_training,PPT_at,10000,10000,10000,10000,1,1,1,0,0
climate_training,PPT_sm,10000,10000,10000,10000,1,1,1,0,0
climate_training,PPT_sp,10000,10000,10000,10000,1,1,1,0,0
climate_training,PPT_wt,10000,10000,10000,10000,1,1,1,0,0
climate_training,RH,10000,10000,10000,10000,1,1,1,0,0
climate_training,RH_at,10000,10000,10000,10000,1,1,1,0,0
climate_training,RH_sm,10000,10000,10000,10000,1,1,1,0,0
climate_training,RH_sp,10000,10000,10000,10000,1,1,1,0,0
climate_training,RH_wt,10000,10000,10000,10000,1,1,1,0,0
climate_training,Tave_at,10000,10000,10000,10000,1,1,1,1.06132991284369e-14,5.32907051820075e-14
climate_training,Tave_sm,10000,10000,10000,10000,1,1,1,2.29446503463571e-14,5.32907051820075e-14
climate_training,Tave_sp,10000,10000,10000,10000,1,1,1,1.17797202547898e-14,5.32907051820075e-14
climate_training,Tave_wt,10000,10000,10000,10000,1,1,1,1.46342257756338e-14,5.32907051820075e-14
climate_training,TD,10000,10000,10000,10000,1,1,1,2.67363020611811e-14,5.32907051820075e-14
climate_training,Tmax_at,10000,10000,10000,10000,1,1,1,1.81426179635125e-14,5.32907051820075e-14
climate_training,Tmax_sm,10000,10000,10000,10000,1,1,1,2.69439359712464e-14,5.32907051820075e-14
climate_training,Tmax_sp,10000,10000,10000,10000,1,1,1,1.93118160352057e-14,5.32907051820075e-14
climate_training,Tmax_wt,10000,10000,10000,10000,1,1,1,8.489454972338e-15,5.32907051820075e-14
climate_training,Tmin_at,10000,10000,10000,10000,1,1,1,9.64454349716704e-15,4.61852778244065e-14
climate_training,Tmin_sm,10000,10000,10000,10000,1,1,1,1.9066365153364e-14,5.32907051820075e-14
climate_training,Tmin_sp,10000,10000,10000,10000,1,1,1,9.81910386332885e-15,5.32907051820075e-14
climate_training,Tmin_wt,10000,10000,10000,10000,1,1,1,2.0291469893241e-14,5.32907051820075e-14
soil_training,T_GRAVEL,10000,10000,10000,10000,1,1,1,1.27156562257369e-10,3.17891405643422e-07
soil_training,T_SAND,10000,10000,10000,10000,1,1,1,1.52587890767109e-10,1.52587890767109e-06
soil_training,T_SILT,10000,10000,10000,10000,1,1,1,5.08626288819869e-10,1.27156572204967e-06
soil_training,T_CLAY,10000,10000,10000,10000,1,1,1,2.92460136819273e-10,6.35782910762828e-07
soil_training,T_REF_BULK_DENSITY,10000,10000,10000,10000,1,1,0.999999999999979,2.1933078694425e-08,5.72204590376657e-08
soil_training,T_OC,10000,10000,10000,10000,1,1,1,2.43059396562995e-08,1.52587890767109e-06
soil_training,T_PH_H2O,10000,10000,10000,10000,1,1,0.999999999999991,1.17507298764963e-07,3.81469726917771e-07
soil_training,T_CEC_CLAY,10000,10000,10000,10000,1,1,1,0,0
soil_training,T_CEC_SOIL,10000,10000,10000,10000,1,1,1,1.90734862570707e-11,1.90734862570707e-07
soil_training,T_BS,10000,10000,10000,10000,1,1,1,7.62939450282829e-11,7.62939450282829e-07
soil_training,T_TEB,10000,10000,10000,10000,1,1,1,2.64508247279782e-07,3.05175781534217e-06
soil_training,T_CACO3,10000,10000,10000,10000,1,1,1,4.54387365794312e-08,7.62939453835543e-07
soil_training,T_CASO4,10000,10000,10000,10000,1,1,1,5.03897667350067e-09,3.81469726917771e-07
soil_training,T_ESP,10000,10000,10000,10000,1,1,1,3.41733283004686e-11,7.94728562958369e-08
soil_training,T_ECE,10000,10000,10000,10000,1,1,1,1.71095132576515e-08,7.62939453835543e-07
