original_zone,1,2,3,4,5,6,7,9,10,11,12,13,14,15,16,17,18,19,20,21,22,23,24,25,26,27,28,29,30,31,32,33,34,35,36,37,38,39,40,41,42,43,44,45,46,47,48,49,50,52,53,54,55
1,11591,357,460,180,137,22,69,0,338,12,4,235,2,4,41,49,193,4,17,97,2,1,2,192,1,0,40,3,10,148,1,90,2,2,1,3,5,401,27,1,12,2,14,249,66,48,3,0,113,2,2,2,6
2,2004,181048,20246,14801,14260,11477,2931,9118,890,4679,1992,4162,323,10,4475,405,4889,5,315,12,256,9,137,905,26,1747,237,12,138,319,109,84,148,13,78,101,11,58,100,176,36,3,249,23,85,6,17,19,102,26,534,7,230
3,4807,20495,289763,5760,21964,18880,41885,26826,3141,7430,18928,3721,1299,2127,50,19,1582,24,11,256,625,172,1452,257,356,20665,7787,30,657,18,326,10911,579,12,3878,11281,18,1036,249,19147,8,11,932,53,622,2133,12,116,13,16,13,7,13
4,1052,13852,3763,42692,2838,2026,955,300,8,6106,3878,6155,1886,1506,724,331,147,29,176,197,321,154,8,176,38,1409,7,3,107,13,16,122,9,12,6,2,4,70,0,6,4,6,5,6,9,8,186,5,45,9,6,7,5
5,2355,14676,17303,4307,73005,4350,4278,505,3930,9763,12642,7012,2509,1927,3405,476,646,7,705,1291,735,114,1034,1138,1206,3036,419,71,336,65,89,2518,358,119,1364,460,6,2118,787,2154,206,13,1528,371,2534,1685,15,827,36,8,3,9,9
6,171,11737,4265,2701,1234,52219,463,280,110,2774,4699,203,65,1216,59,20,83,22,16,1627,142,298,888,956,24,2202,14,61,350,188,14,145,19,11,64,252,21,14,9,15,86,66,6,13,16,243,13,117,31,15,13,15,9
7,806,3282,21970,2464,2456,1316,88973,2725,1036,4551,6930,7873,4270,3489,240,3,1122,392,222,802,28,2055,2818,3928,637,5914,2504,163,201,424,914,14619,418,347,2977,2528,9,1318,786,19298,278,5,1203,59,460,732,4,1279,117,0,5,7,9
9,0,547,3746,26,33,9,134,25365,9,241,232,28,49,1,3,2,4,3,1,0,0,2,1,3,2,20,4,1,0,1,3,0,0,1,11,1,2,1,0,0,1,0,0,2,2,0,2,0,0,0,3,3,1
10,1415,12,701,11,469,9,100,223,76932,21,32,53,17,30,2080,6,6388,12,1873,29,12,15,23,7,162,18,847,18,695,19,13,154,4579,12,1718,26,19,13380,566,10,17,215,287,860,24961,680,12,6152,288,34,29,16,7
11,10,1571,1794,4846,7758,1958,4409,42,37,89346,6692,12116,3252,1295,541,7,196,7,343,7,134,30,395,1560,5,4877,24,3,10,98,30,2759,40,3,9,130,3,16,6,556,17,4,10,20,42,15,5,6,6,5,1,6,5
12,321,1655,22297,7665,9475,8012,12207,5547,11,11014,236715,18677,6046,7207,15,8,15,96,8,9,1450,822,3023,2584,251,10884,24,71,8,11,58,5225,19,16,10,46,13,5,8,2541,12,6,9,32,9,2,6,9,20,9,17,4,9
13,2799,1701,1888,11068,9810,613,13531,71,23,26464,35438,374291,15931,18518,7291,94,6539,277,1583,5,2333,190,8389,35163,14,2601,95,98,57,4406,4199,29964,11,1179,14,328,25,12,14,1074,696,17,10,15,55,6,8,12,9,7,13,13,9
14,2,36,28,294,128,0,416,0,0,754,460,718,26671,597,0,0,0,477,0,0,0,755,499,29,0,602,0,2,0,0,10,181,0,0,0,6,0,0,0,0,0,0,0,0,0,0,0,0,0,0,0,0,0
15,64,121,531,2502,1976,1843,1313,209,127,5384,7193,16315,6345,134831,177,95,118,6352,167,96,93,13219,5578,4609,86,10557,132,3045,98,285,4188,3876,99,277,88,279,1352,104,114,135,465,163,97,80,134,87,71,86,75,99,77,87,97
16,3677,2262,69,1476,5525,165,292,2,12469,145,14,4780,6,655,545670,3344,65732,371,79120,5,23874,166,473,3167,38,8,526,33,42,60890,678,344,410,16,448,14,10,3212,80,5,6733,13660,76,24170,45899,50,21,205,123,2,11,7,8
17,0,42,0,14,18,1,1,1,2,0,2,1,3,0,1,1509,1,2,0,1,1,2,1,0,0,0,4,0,0,2,2,1,0,0,3,3,1,1,0,2,2,0,1,1,1,0,1,1,5,0,3,3,1
18,1913,782,139,113,999,0,206,0,6730,211,0,2831,0,5,23659,117,45866,5,1537,0,507,22,232,1518,53,0,438,0,14,2912,36,220,463,0,527,10,0,5478,0,5,1261,786,262,2358,10526,9,0,43,171,0,0,0,0
19,64,19,93,21,27,64,163,16,428,22,67,306,4052,18210,3544,23,496,532779,39854,19,4043,35732,18378,851,17,779,125,3447,10,6085,2874,118,27,113,17,81,12991,6,13,24,2914,508,18,1106,623,18,30,22,26,29,18,27,19
20,321,81,87,62,223,35,40,32,2726,35,39,480,27,72,52416,519,2664,454,224651,31,11647,39,633,1220,18,31,90,28,14,28955,43,47,99,33,36,37,30,206,46,37,35090,181,80,6492,9572,13,53,21,49,44,34,31,21
21,177,76,356,107,705,25,241,110,158,19,21,18,31,22,25,29,32,32,21,386583,31,27,26,27,12684,11,2752,25,61081,20,27,19,701,28,13316,360,20,487,39520,414,36,33,34545,41,112,9537,5616,13378,1149,2013,10331,575,1480
22,1,33,418,17,510,32,2,0,1,3,419,90,0,0,3363,41,99,518,2160,0,30056,0,188,326,1,244,0,1,1,1748,32,2,1,1,0,0,0,1,0,1,1599,9,1,29,1,0,0,3,0,0,1,2,25
23,1,1,2,91,2,41,789,0,0,3,94,1139,6320,16898,124,14,1351,20694,435,2,125,193970,45786,1690,6,570,243,12448,3,1286,6953,1754,1,9842,1,1,3459,3,55,18,488,47,9,14,1,2,1,15,2,7,2,2,1
24,63,30,107,110,591,143,915,2,14,210,1668,10812,1194,11668,677,6,1318,12487,1953,5,828,62383,542630,52513,6,2328,13,46332,7,4633,32756,12377,6,27267,8,3,4908,3,7,4,11262,970,8,110,5,5,10,7,11,7,6,7,4
25,629,88,1,200,1042,5,960,7,1,944,1266,19194,97,3457,2669,1,1164,67,2479,3,526,1581,16049,155190,3,560,1,1611,3,8811,6534,3679,7,3018,7,27,5,15,5,1,5001,307,4,103,5,2,1,3,7,3,4,4,6
26,47,10,78,2,234,1,125,1,680,0,13,1,1,6,0,0,0,1,0,1631,0,85,2,0,23802,9,330,0,5237,0,1,8,1071,0,2284,0,0,402,761,38,0,0,421,0,129,288,7,2479,15,343,351,0,2
27,43,1526,34846,3490,4403,4129,26365,696,205,12847,5577,3469,6558,20955,27,28,44,1670,26,63,28,4473,4296,347,393,636185,5355,38,91,26,2252,16441,62,32,1699,29960,1894,151,272,17763,18,20,493,24,57,9555,23,71,30,20,27,26,26
28,627,62,1143,0,263,0,494,0,1212,0,0,27,0,63,37,0,764,9,31,667,0,109,20,29,827,1140,22521,0,1715,7,0,405,191,0,2877,3,0,1198,990,253,0,0,3416,203,777,2771,0,355,499,0,10,0,327
29,1,1,3,4,3,3,661,2,4,0,50,53,6,3711,3,6,3,1878,29,2,8,7156,14821,672,3,17,5,129371,3,6,1368,1654,2,1591,1,1,1167,5,17,6,5,2,4,3,5,4,1,7,0,6,1,3,0
30,245,9,5709,148,2941,5,2308,4,3784,36,3,10,6,14,6,9,48,5,6,55498,10,12,3,9,33480,519,10543,3,247678,8,8,456,1503,5,20864,396,7,8131,49562,2011,11,9,48253,286,2609,43045,655,29141,2011,185,2903,899,548
31,4359,123,66,19,22,310,1330,0,82,13,2,8400,54,288,49147,1,10325,1709,45585,1,22910,403,4274,25112,0,24,1,31,11,592744,1384,2022,1,163,51,16,0,401,7,5,63856,863,2,4788,76,2,5,1,386,0,1,1,1
32,0,0,0,0,0,1,933,0,0,0,8,1585,243,1605,23,0,104,545,110,1,0,2663,5289,3015,0,123,0,853,0,314,39790,2160,0,576,0,0,210,0,0,1,332,0,0,0,0,0,0,0,0,0,0,0,0
33,1430,210,6057,13,2581,6,23823,0,390,3072,2939,22793,624,4404,377,0,727,25,406,1,0,3243,9698,6222,30,3482,509,2760,30,58,4612,257185,10,771,148,3140,0,55,82,25613,0,0,1286,611,26,213,0,48,0,41,0,0,0
34,1,0,47,0,0,0,8,0,389,1,1,3,0,4,1,0,7,1,0,0,1,2,1,1,24,23,2,2,21,3,1,2,3925,0,110,5,3,257,21,0,0,1,2,1,130,1,1,136,16,3,1,0,0
35,0,0,0,0,0,0,0,0,0,0,0,131,66,50,32,0,5,35,0,0,0,686,2290,760,0,2,0,477,0,0,276,263,0,27783,0,0,8,0,0,0,0,0,0,0,0,0,0,0,0,0,0,0,0
36,2,0,243,0,11,0,79,23,347,0,53,9,0,0,1,0,6,0,0,309,0,0,0,1,512,0,1038,0,890,0,0,15,356,0,16178,0,0,160,343,174,0,0,1012,0,113,336,13,244,36,0,46,0,25
37,229,89,11864,9,485,143,7205,100,791,314,389,1530,559,38,27,1,180,7,2,826,2,5,2,536,61,11165,243,5,603,8,3,4482,101,6,22,140634,4,316,37,8123,3,5,37,5,110,567,3,18,2,1,5,3,1
38,0,0,0,0,0,0,0,0,0,0,0,41,0,226,0,0,0,457,0,0,0,678,357,31,0,413,0,73,0,0,46,0,0,0,0,1,27709,0,0,0,0,0,0,0,0,0,0,0,0,0,0,0,0
39,43,0,0,0,50,0,27,0,3981,0,0,2,0,0,84,0,265,0,12,0,0,80,2,0,7,0,24,0,297,0,0,0,584,0,82,0,0,13255,62,0,0,0,75,68,2689,66,0,59,129,0,0,0,0
40,154,9,999,13,2292,7,1352,6,3432,14,9,15,9,13,6,8,15,5,24,27866,4,7,13,25,7697,65,7011,13,33518,103,11,29,886,15,15422,15,3,2469,127648,1084,11,10,30514,122,2650,30221,454,26570,1469,4089,7293,1220,2752
41,1,20,3544,0,142,16,9192,0,120,15,301,525,0,37,9,0,20,1,0,447,0,0,0,0,486,3568,1605,1,1851,1,2,11652,4,1,2016,5553,0,2,216,47826,1,0,228,3,15,1739,0,81,0,0,2,0,0
42,0,1,3,2,1,2,222,4,0,0,2,78,6,111,372,0,38,658,11795,0,1278,53,1879,2123,0,4,2,1,0,15122,213,31,1,2,2,1,3,1,1,0,119372,1591,1,0,0,1,29,3,2,1,2,2,3
43,0,0,0,0,0,0,0,0,6,0,0,0,0,0,348,0,14,8,45,0,0,0,45,73,0,0,0,0,0,5,0,0,0,0,0,0,0,0,0,0,128,4888,0,0,132,0,0,0,0,0,0,0,0
44,600,26,2718,28,2293,15,2698,15,2241,18,13,475,10,19,149,16,1038,92,72,32059,24,18,25,14,13723,108,24227,13,66857,42,13,2036,1033,23,36046,55,14,6763,54003,1422,13,14,194740,1221,1495,42023,62,27563,4522,4621,22416,8541,7906
45,131,0,1,0,115,0,4,0,162,0,0,139,0,0,1012,0,69,0,287,4,1,0,317,45,0,1,15,130,102,139,0,10,59,1,0,0,1,581,40,2,1,0,65,11730,1193,10,0,32,3,2,0,0,1
46,625,54,93,7,239,3,165,3,23382,8,7,221,7,6,8678,3,8553,6,1790,22,17,4,8,30,294,3,298,6,623,18,4,46,1702,7,780,8,6,10014,932,6,5,174,705,8586,65064,1137,5,1889,214,8,4,7,6
47,139,12,2308,42,2801,74,1796,9,2793,47,14,17,16,4,13,12,18,16,19,8467,18,11,12,16,1878,2046,14558,13,16094,18,18,795,597,16,9350,154,10,1422,36441,767,13,16,32035,71,1929,198321,409,12668,2160,3747,18,14,195
48,0,1,0,7,0,0,1,0,0,0,1,0,0,0,0,0,2,0,0,51,1,0,0,0,6,8,2,0,22,1,0,0,0,0,0,0,0,0,7,0,0,9,1,0,0,5,1448,27,0,0,24,0,0
49,98,5,82,25,406,5,95,3,7898,6,13,4,2,2,9,9,8,8,20,3766,7,6,8,5,8770,7,1694,5,20000,5,6,7,2786,5,5211,15,8,1397,11271,15,6,4,7570,95,1204,2973,39,70544,405,9345,1451,38,387
50,1,5,0,0,0,0,1,2,25,1,0,0,1,0,0,0,1,0,2,11,0,1,2,1,1,0,20,0,5,1,1,0,2,1,1,0,0,66,35,1,2,0,31,1,18,14,0,0,1980,0,51,2,5
52,4,6,8,7,7,7,5,4,10,9,10,9,5,7,9,7,8,7,5,26,3,6,6,9,35,10,21,9,1,6,6,5,1,14,3,8,12,5,336,6,6,7,200,9,7,44,1,1186,5,20319,767,4,418
53,16,88,16,25,20,20,18,11,22,23,21,17,22,28,16,17,21,12,17,2226,19,19,13,12,399,6,73,21,443,23,10,20,234,19,31,17,16,24,1040,16,14,20,2233,14,43,41,33,1144,434,1787,50214,1626,1775
54,2,2,5,3,1,3,2,2,1,6,4,4,3,0,2,2,4,5,6,170,3,4,6,5,2,0,6,6,4,6,6,0,4,1,29,0,4,3,31,6,2,3,210,6,4,1,0,15,27,5,174,10743,5
55,0,1,0,0,0,0,0,0,0,0,0,0,0,0,0,0,0,0,0,8,0,0,0,0,0,0,54,1,0,0,0,0,0,0,7,0,0,0,138,0,0,0,113,0,0,0,0,4,21,340,217,0,5479
