category2,niche,category_label,n_zones,inference_scope,group_rank,feature_group,mean_group_importance_share,se_group_importance_share,top_variables
alpine_vegetation,climate,alpine vegetation,3,within-category pattern,1,Temperature,0.314039781761978,0.0823375722954343,Eref_sm [8%; selected 100%]; Eref_at [7.8%; selected 100%]; Tmax_wt [6.7%; selected 100%]; Eref [6.7%; selected 100%]; TD [5.9%; selected 100%]; EXT [4.8%; selected 67%]
alpine_vegetation,climate,alpine vegetation,3,within-category pattern,2,Radiation and evaporative demand,0.225243356941627,0.0355163268117814,Eref_sm [8%; selected 100%]; Eref_at [7.8%; selected 100%]; Tmax_wt [6.7%; selected 100%]; Eref [6.7%; selected 100%]; TD [5.9%; selected 100%]; EXT [4.8%; selected 67%]
alpine_vegetation,climate,alpine vegetation,3,within-category pattern,3,Growing season and degree-days,0.152142149046742,0.0765878218491622,Eref_sm [8%; selected 100%]; Eref_at [7.8%; selected 100%]; Tmax_wt [6.7%; selected 100%]; Eref [6.7%; selected 100%]; TD [5.9%; selected 100%]; EXT [4.8%; selected 67%]
cropland,climate,cropland,7,within-category pattern,1,Growing season and degree-days,0.324978163016503,0.0322262594570784,DD_18_wt [6.5%; selected 86%]; TD [5.7%; selected 86%]; MAP [4.8%; selected 86%]; PPT_sm [4.4%; selected 100%]; PPT_at [4.3%; selected 100%]; Tmin_sm [3.8%; selected 71%]
cropland,climate,cropland,7,within-category pattern,2,Precipitation,0.203554342525609,0.0290530978124195,DD_18_wt [6.5%; selected 86%]; TD [5.7%; selected 86%]; MAP [4.8%; selected 86%]; PPT_sm [4.4%; selected 100%]; PPT_at [4.3%; selected 100%]; Tmin_sm [3.8%; selected 71%]
cropland,climate,cropland,7,within-category pattern,3,Temperature,0.191611052147791,0.0264473129658646,DD_18_wt [6.5%; selected 86%]; TD [5.7%; selected 86%]; MAP [4.8%; selected 86%]; PPT_sm [4.4%; selected 100%]; PPT_at [4.3%; selected 100%]; Tmin_sm [3.8%; selected 71%]
desert,climate,desert,8,within-category pattern,1,Growing season and degree-days,0.246006229667789,0.0342722222839128,PPT_sm [9.1%; selected 88%]; AHM [6%; selected 75%]; MAP [5.2%; selected 62%]; PPT_at [5.2%; selected 75%]; TD [4.9%; selected 88%]; CMD_sm [4.2%; selected 50%]
desert,climate,desert,8,within-category pattern,2,Precipitation,0.233916979583092,0.0284459825662219,PPT_sm [9.1%; selected 88%]; AHM [6%; selected 75%]; MAP [5.2%; selected 62%]; PPT_at [5.2%; selected 75%]; TD [4.9%; selected 88%]; CMD_sm [4.2%; selected 50%]
desert,climate,desert,8,within-category pattern,3,Temperature,0.20178149245293,0.0286155844946068,PPT_sm [9.1%; selected 88%]; AHM [6%; selected 75%]; MAP [5.2%; selected 62%]; PPT_at [5.2%; selected 75%]; TD [4.9%; selected 88%]; CMD_sm [4.2%; selected 50%]
forest,climate,forest,15,within-category pattern,1,Temperature,0.274948885250712,0.0294674539356793,TD [8.2%; selected 93%]; PPT_sp [6.3%; selected 93%]; MAP [5.7%; selected 87%]; PPT_at [4.7%; selected 73%]; PPT_sm [4%; selected 87%]; PPT_wt [3.9%; selected 80%]
forest,climate,forest,15,within-category pattern,2,Precipitation,0.245876600388615,0.0204249391888814,TD [8.2%; selected 93%]; PPT_sp [6.3%; selected 93%]; MAP [5.7%; selected 87%]; PPT_at [4.7%; selected 73%]; PPT_sm [4%; selected 87%]; PPT_wt [3.9%; selected 80%]
forest,climate,forest,15,within-category pattern,3,Growing season and degree-days,0.185967422246777,0.02470749473734,TD [8.2%; selected 93%]; PPT_sp [6.3%; selected 93%]; MAP [5.7%; selected 87%]; PPT_at [4.7%; selected 73%]; PPT_sm [4%; selected 87%]; PPT_wt [3.9%; selected 80%]
grassland_meadow_steppe,climate,grassland meadow steppe,8,within-category pattern,1,Temperature,0.249115023642532,0.0197165184142269,TD [6.4%; selected 100%]; PPT_sm [5.9%; selected 100%]; MAP [5.5%; selected 88%]; PPT_sp [5%; selected 100%]; DD5_sm [4.8%; selected 88%]; AHM [4.1%; selected 88%]
grassland_meadow_steppe,climate,grassland meadow steppe,8,within-category pattern,2,Precipitation,0.219996291523961,0.0160557296928708,TD [6.4%; selected 100%]; PPT_sm [5.9%; selected 100%]; MAP [5.5%; selected 88%]; PPT_sp [5%; selected 100%]; DD5_sm [4.8%; selected 88%]; AHM [4.1%; selected 88%]
grassland_meadow_steppe,climate,grassland meadow steppe,8,within-category pattern,3,Growing season and degree-days,0.219521720074986,0.0288322153597343,TD [6.4%; selected 100%]; PPT_sm [5.9%; selected 100%]; MAP [5.5%; selected 88%]; PPT_sp [5%; selected 100%]; DD5_sm [4.8%; selected 88%]; AHM [4.1%; selected 88%]
scrub,climate,scrub,6,within-category pattern,1,Temperature,0.366389103716819,0.021382112449209,TD [10.2%; selected 100%]; EXT [6.5%; selected 100%]; PPT_at [5.6%; selected 100%]; Tmax_wt [5%; selected 100%]; Eref_at [4.6%; selected 100%]; PPT_sp [4.5%; selected 83%]
scrub,climate,scrub,6,within-category pattern,2,Precipitation,0.217723644854848,0.0234506588053588,TD [10.2%; selected 100%]; EXT [6.5%; selected 100%]; PPT_at [5.6%; selected 100%]; Tmax_wt [5%; selected 100%]; Eref_at [4.6%; selected 100%]; PPT_sp [4.5%; selected 83%]
scrub,climate,scrub,6,within-category pattern,3,Growing season and degree-days,0.139757619582325,0.0266752098124192,TD [10.2%; selected 100%]; EXT [6.5%; selected 100%]; PPT_at [5.6%; selected 100%]; Tmax_wt [5%; selected 100%]; Eref_at [4.6%; selected 100%]; PPT_sp [4.5%; selected 83%]
wetland,climate,wetland,5,within-category pattern,1,Precipitation,0.230477243949202,0.0135304536378497,TD [5.6%; selected 80%]; PPT_at [5.5%; selected 100%]; PPT_wt [5.2%; selected 100%]; PPT_sp [5.1%; selected 80%]; Eref_at [4%; selected 60%]; Eref_sm [3.8%; selected 100%]
wetland,climate,wetland,5,within-category pattern,2,Temperature,0.213482976190251,0.0478664342997882,TD [5.6%; selected 80%]; PPT_at [5.5%; selected 100%]; PPT_wt [5.2%; selected 100%]; PPT_sp [5.1%; selected 80%]; Eref_at [4%; selected 60%]; Eref_sm [3.8%; selected 100%]
wetland,climate,wetland,5,within-category pattern,3,Growing season and degree-days,0.172376922160745,0.0618128472104882,TD [5.6%; selected 80%]; PPT_at [5.5%; selected 100%]; PPT_wt [5.2%; selected 100%]; PPT_sp [5.1%; selected 80%]; Eref_at [4%; selected 60%]; Eref_sm [3.8%; selected 100%]
alpine_vegetation,soil,alpine vegetation,3,within-category pattern,1,Nutrient retention and base status,0.258207595936097,0.074173936362435,T_GRAVEL [21.8%; selected 100%]; T_OC [15.7%; selected 100%]; T_BS [9.5%; selected 67%]; T_CLAY [8.9%; selected 67%]; T_CEC_CLAY [7.6%; selected 100%]; T_ESP [7.3%; selected 67%]
alpine_vegetation,soil,alpine vegetation,3,within-category pattern,2,Coarse fragments,0.218436767494502,0.0655330065499473,T_GRAVEL [21.8%; selected 100%]; T_OC [15.7%; selected 100%]; T_BS [9.5%; selected 67%]; T_CLAY [8.9%; selected 67%]; T_CEC_CLAY [7.6%; selected 100%]; T_ESP [7.3%; selected 67%]
alpine_vegetation,soil,alpine vegetation,3,within-category pattern,3,Texture,0.18894193396335,0.0244103988138562,T_GRAVEL [21.8%; selected 100%]; T_OC [15.7%; selected 100%]; T_BS [9.5%; selected 67%]; T_CLAY [8.9%; selected 67%]; T_CEC_CLAY [7.6%; selected 100%]; T_ESP [7.3%; selected 67%]
cropland,soil,cropland,7,within-category pattern,1,Nutrient retention and base status,0.468180149566586,0.0226788072911079,T_CEC_CLAY [18.3%; selected 100%]; T_PH_H2O [11.7%; selected 100%]; T_TEB [11.5%; selected 100%]; T_OC [9.6%; selected 86%]; T_CEC_SOIL [9.4%; selected 86%]; T_CLAY [8.8%; selected 100%]
cropland,soil,cropland,7,within-category pattern,2,Texture,0.20384790865928,0.0152775011647342,T_CEC_CLAY [18.3%; selected 100%]; T_PH_H2O [11.7%; selected 100%]; T_TEB [11.5%; selected 100%]; T_OC [9.6%; selected 86%]; T_CEC_SOIL [9.4%; selected 86%]; T_CLAY [8.8%; selected 100%]
cropland,soil,cropland,7,within-category pattern,3,Soil reaction,0.116772173225713,0.0185079360490681,T_CEC_CLAY [18.3%; selected 100%]; T_PH_H2O [11.7%; selected 100%]; T_TEB [11.5%; selected 100%]; T_OC [9.6%; selected 86%]; T_CEC_SOIL [9.4%; selected 86%]; T_CLAY [8.8%; selected 100%]
desert,soil,desert,8,within-category pattern,1,Nutrient retention and base status,0.225909760331188,0.026767830051906,T_OC [17.9%; selected 100%]; T_TEB [9.7%; selected 75%]; T_CASO4 [8.1%; selected 50%]; T_CEC_CLAY [8%; selected 88%]; T_CACO3 [7.7%; selected 62%]; T_PH_H2O [7.1%; selected 62%]
desert,soil,desert,8,within-category pattern,2,Organic carbon,0.17872095075219,0.0295662227320159,T_OC [17.9%; selected 100%]; T_TEB [9.7%; selected 75%]; T_CASO4 [8.1%; selected 50%]; T_CEC_CLAY [8%; selected 88%]; T_CACO3 [7.7%; selected 62%]; T_PH_H2O [7.1%; selected 62%]
desert,soil,desert,8,within-category pattern,3,Texture,0.157463657645415,0.0263610082099254,T_OC [17.9%; selected 100%]; T_TEB [9.7%; selected 75%]; T_CASO4 [8.1%; selected 50%]; T_CEC_CLAY [8%; selected 88%]; T_CACO3 [7.7%; selected 62%]; T_PH_H2O [7.1%; selected 62%]
forest,soil,forest,15,within-category pattern,1,Nutrient retention and base status,0.456815210151482,0.021180293391689,T_CEC_CLAY [15.2%; selected 100%]; T_BS [12.8%; selected 87%]; T_PH_H2O [12.7%; selected 100%]; T_TEB [11.8%; selected 93%]; T_SILT [8.8%; selected 80%]; T_OC [7.8%; selected 73%]
forest,soil,forest,15,within-category pattern,2,Texture,0.205829476835928,0.0182604703035961,T_CEC_CLAY [15.2%; selected 100%]; T_BS [12.8%; selected 87%]; T_PH_H2O [12.7%; selected 100%]; T_TEB [11.8%; selected 93%]; T_SILT [8.8%; selected 80%]; T_OC [7.8%; selected 73%]
forest,soil,forest,15,within-category pattern,3,Soil reaction,0.126834693274979,0.00913044081079121,T_CEC_CLAY [15.2%; selected 100%]; T_BS [12.8%; selected 87%]; T_PH_H2O [12.7%; selected 100%]; T_TEB [11.8%; selected 93%]; T_SILT [8.8%; selected 80%]; T_OC [7.8%; selected 73%]
grassland_meadow_steppe,soil,grassland meadow steppe,8,within-category pattern,1,Nutrient retention and base status,0.404132011234737,0.0340802326214313,T_OC [15.4%; selected 100%]; T_CEC_CLAY [14.5%; selected 100%]; T_TEB [11.7%; selected 100%]; T_CLAY [7.7%; selected 88%]; T_PH_H2O [7.6%; selected 75%]; T_REF_BULK_DENSITY [7.6%; selected 88%]
grassland_meadow_steppe,soil,grassland meadow steppe,8,within-category pattern,2,Texture,0.20076776968909,0.0154309127533227,T_OC [15.4%; selected 100%]; T_CEC_CLAY [14.5%; selected 100%]; T_TEB [11.7%; selected 100%]; T_CLAY [7.7%; selected 88%]; T_PH_H2O [7.6%; selected 75%]; T_REF_BULK_DENSITY [7.6%; selected 88%]
grassland_meadow_steppe,soil,grassland meadow steppe,8,within-category pattern,3,Organic carbon,0.153681281357022,0.0165739450990563,T_OC [15.4%; selected 100%]; T_CEC_CLAY [14.5%; selected 100%]; T_TEB [11.7%; selected 100%]; T_CLAY [7.7%; selected 88%]; T_PH_H2O [7.6%; selected 75%]; T_REF_BULK_DENSITY [7.6%; selected 88%]
scrub,soil,scrub,6,within-category pattern,1,Nutrient retention and base status,0.427899559593131,0.0237353497557436,T_CEC_CLAY [13%; selected 100%]; T_CLAY [12.3%; selected 100%]; T_OC [12%; selected 83%]; T_BS [10.9%; selected 83%]; T_CEC_SOIL [9.7%; selected 83%]; T_TEB [9.2%; selected 83%]
scrub,soil,scrub,6,within-category pattern,2,Texture,0.235136227556006,0.024609341300869,T_CEC_CLAY [13%; selected 100%]; T_CLAY [12.3%; selected 100%]; T_OC [12%; selected 83%]; T_BS [10.9%; selected 83%]; T_CEC_SOIL [9.7%; selected 83%]; T_TEB [9.2%; selected 83%]
scrub,soil,scrub,6,within-category pattern,3,Organic carbon,0.119901914096447,0.0312768570879321,T_CEC_CLAY [13%; selected 100%]; T_CLAY [12.3%; selected 100%]; T_OC [12%; selected 83%]; T_BS [10.9%; selected 83%]; T_CEC_SOIL [9.7%; selected 83%]; T_TEB [9.2%; selected 83%]
wetland,soil,wetland,5,within-category pattern,1,Nutrient retention and base status,0.441567539082464,0.0234046035533837,T_OC [15.6%; selected 100%]; T_CEC_CLAY [15%; selected 100%]; T_CEC_SOIL [14.9%; selected 100%]; T_GRAVEL [13.8%; selected 100%]; T_SAND [8.3%; selected 100%]; T_TEB [7.2%; selected 80%]
wetland,soil,wetland,5,within-category pattern,2,Organic carbon,0.156254709082336,0.0258422419841226,T_OC [15.6%; selected 100%]; T_CEC_CLAY [15%; selected 100%]; T_CEC_SOIL [14.9%; selected 100%]; T_GRAVEL [13.8%; selected 100%]; T_SAND [8.3%; selected 100%]; T_TEB [7.2%; selected 80%]
wetland,soil,wetland,5,within-category pattern,3,Texture,0.147343150938101,0.02961063685898,T_OC [15.6%; selected 100%]; T_CEC_CLAY [15%; selected 100%]; T_CEC_SOIL [14.9%; selected 100%]; T_GRAVEL [13.8%; selected 100%]; T_SAND [8.3%; selected 100%]; T_TEB [7.2%; selected 80%]
