category2,category_label,niche,feature,feature_group,climate_period,n_zones,mean_importance_share,sd_importance_share,median_importance_share,selected_zones,top5_zones,top10_zones,se_importance_share,selection_frequency,top5_frequency,top10_frequency,category_variable_rank,inference_scope,common_factor
alpine_vegetation,alpine vegetation,climate,Eref_sm,Radiation and evaporative demand,Summer,3,0.0802879109328276,0.0415669373159704,0.0594602569469762,3,1,3,0.0239986824487638,1,0.333333333333333,1,1,within-category pattern,TRUE
alpine_vegetation,alpine vegetation,climate,Eref_at,Radiation and evaporative demand,Autumn,3,0.0784031123443238,0.0100275745217004,0.0838274560605889,3,2,3,0.00578942284942273,1,0.666666666666667,1,2,within-category pattern,TRUE
alpine_vegetation,alpine vegetation,climate,Tmax_wt,Temperature,Winter,3,0.0667179962193859,0.0367964166266734,0.0624017822646374,3,2,2,0.0212444210446235,1,0.666666666666667,0.666666666666667,3,within-category pattern,TRUE
alpine_vegetation,alpine vegetation,climate,Eref,Radiation and evaporative demand,Annual,3,0.0665523336644758,0.0314144930679452,0.067499989304618,3,2,2,0.0181371660292338,1,0.666666666666667,0.666666666666667,4,within-category pattern,TRUE
alpine_vegetation,alpine vegetation,climate,TD,Temperature,Annual,3,0.0590421143057049,0.0214365623424414,0.0466953994860947,3,1,2,0.0123764050389088,1,0.333333333333333,0.666666666666667,5,within-category pattern,TRUE
alpine_vegetation,alpine vegetation,climate,EXT,Temperature,Annual,3,0.0480879649739446,0.0504549510067179,0.0436475166330274,2,1,1,0.029130179545678,0.666666666666667,0.333333333333333,0.333333333333333,6,within-category pattern,TRUE
alpine_vegetation,alpine vegetation,climate,MWMT,Temperature,Annual,3,0.0457567779754755,0.0476152752444317,0.0422353111192836,2,1,1,0.0274906919799107,0.666666666666667,0.333333333333333,0.333333333333333,7,within-category pattern,TRUE
alpine_vegetation,alpine vegetation,climate,DD_0_wt,Growing season and degree-days,Winter,3,0.0394208905685953,0.0365769002447695,0.0460025631912942,2,1,1,0.0211176832024398,0.666666666666667,0.333333333333333,0.333333333333333,8,within-category pattern,TRUE
alpine_vegetation,alpine vegetation,climate,PAS_sp,Snowfall,Spring,3,0.036387372285072,0.0345157066419421,0.0404990358941333,2,1,2,0.0199276525209954,0.666666666666667,0.333333333333333,0.666666666666667,9,within-category pattern,TRUE
cropland,cropland,climate,DD_18_wt,Growing season and degree-days,Winter,7,0.0648424723539042,0.0360951517369489,0.0697499179069581,6,5,5,0.013642685004444,0.857142857142857,0.714285714285714,0.714285714285714,1,within-category pattern,TRUE
cropland,cropland,climate,TD,Temperature,Annual,7,0.0571469871210716,0.0332489346063702,0.0607893407350422,6,2,5,0.012566916046615,0.857142857142857,0.285714285714286,0.714285714285714,2,within-category pattern,TRUE
cropland,cropland,climate,MAP,Precipitation,Annual,7,0.048333617655574,0.0225056500069964,0.0571637209277832,6,2,5,0.00850633614462452,0.857142857142857,0.285714285714286,0.714285714285714,3,within-category pattern,TRUE
cropland,cropland,climate,PPT_sm,Precipitation,Summer,7,0.0443245174284272,0.0169716600848212,0.0451473315374721,7,1,3,0.00641468456005118,1,0.142857142857143,0.428571428571429,4,within-category pattern,FALSE
cropland,cropland,climate,PPT_at,Precipitation,Autumn,7,0.0433497754051018,0.0178877918338348,0.0445515167936028,7,2,3,0.00676094981377414,1,0.285714285714286,0.428571428571429,5,within-category pattern,TRUE
cropland,cropland,climate,Tmin_sm,Temperature,Summer,7,0.0380875974400332,0.0280288042810931,0.0499784132285827,5,2,4,0.0105938922391821,0.714285714285714,0.285714285714286,0.571428571428571,6,within-category pattern,TRUE
cropland,cropland,climate,DD5,Growing season and degree-days,Annual,7,0.0319975687671073,0.0310164148872941,0.0445436504924811,4,2,3,0.0117231029075117,0.571428571428571,0.285714285714286,0.428571428571429,9,within-category pattern,TRUE
cropland,cropland,climate,DD5_sm,Growing season and degree-days,Summer,7,0.031030381289239,0.0235644582425366,0.0331954910902436,5,2,3,0.00890652804138827,0.714285714285714,0.285714285714286,0.428571428571429,11,within-category pattern,TRUE
desert,desert,climate,PPT_sm,Precipitation,Summer,8,0.0907514230922902,0.0389635722044978,0.102739137248504,7,7,7,0.013775703062526,0.875,0.875,0.875,1,within-category pattern,TRUE
desert,desert,climate,AHM,Climatic moisture balance,Annual,8,0.0603020925848952,0.042945680219509,0.0773960911033789,6,5,5,0.0151835908529419,0.75,0.625,0.625,2,within-category pattern,TRUE
desert,desert,climate,MAP,Precipitation,Annual,8,0.0523225228664032,0.0440321364650198,0.0726819339602973,5,5,5,0.0155677111422735,0.625,0.625,0.625,3,within-category pattern,TRUE
desert,desert,climate,PPT_at,Precipitation,Autumn,8,0.0517557106813846,0.032106917332572,0.0679999018788359,6,6,6,0.0113515094844288,0.75,0.75,0.75,4,within-category pattern,TRUE
desert,desert,climate,TD,Temperature,Annual,8,0.0492646533986792,0.0227394269482803,0.0497501563419802,7,3,7,0.00803960149771255,0.875,0.375,0.875,5,within-category pattern,TRUE
desert,desert,climate,CMD_sm,Climatic moisture balance,Summer,8,0.0422487417125129,0.0480417507918146,0.024001257785013,4,3,4,0.0169853238824831,0.5,0.375,0.5,6,within-category pattern,TRUE
forest,forest,climate,TD,Temperature,Annual,15,0.0815059304084321,0.0379538803800509,0.0703437285094725,14,12,14,0.00979964977572572,0.933333333333333,0.8,0.933333333333333,1,within-category pattern,TRUE
forest,forest,climate,PPT_sp,Precipitation,Spring,15,0.0630177982378983,0.0280356765143135,0.070924608355894,14,9,10,0.00723878054930631,0.933333333333333,0.6,0.666666666666667,2,within-category pattern,TRUE
forest,forest,climate,MAP,Precipitation,Annual,15,0.0572552561379805,0.0285549162255689,0.0630884646362743,13,8,12,0.00737284766626509,0.866666666666667,0.533333333333333,0.8,3,within-category pattern,TRUE
forest,forest,climate,PPT_at,Precipitation,Autumn,15,0.0470850409911003,0.0352823636426342,0.0547523058568347,11,7,9,0.00910986712018375,0.733333333333333,0.466666666666667,0.6,4,within-category pattern,TRUE
forest,forest,climate,PPT_sm,Precipitation,Summer,15,0.0397346217298745,0.0192881265020261,0.0426535723915197,13,1,7,0.00498017284812593,0.866666666666667,0.0666666666666667,0.466666666666667,5,within-category pattern,FALSE
forest,forest,climate,PPT_wt,Precipitation,Winter,15,0.0387838832917613,0.0293960824268823,0.0413033810886726,12,3,7,0.00759003584553705,0.8,0.2,0.466666666666667,6,within-category pattern,FALSE
forest,forest,climate,EXT,Temperature,Annual,15,0.036016185784113,0.0303108598282632,0.0363143747312655,11,4,5,0.00782623035493938,0.733333333333333,0.266666666666667,0.333333333333333,8,within-category pattern,TRUE
grassland_meadow_steppe,grassland meadow steppe,climate,TD,Temperature,Annual,8,0.0642273405968316,0.0166438532142861,0.0695536213503122,8,6,7,0.00588449073644761,1,0.75,0.875,1,within-category pattern,TRUE
grassland_meadow_steppe,grassland meadow steppe,climate,PPT_sm,Precipitation,Summer,8,0.0587154914361349,0.0177179771212892,0.0605323327233481,8,4,5,0.00626425088568585,1,0.5,0.625,2,within-category pattern,TRUE
grassland_meadow_steppe,grassland meadow steppe,climate,MAP,Precipitation,Annual,8,0.0550922599554522,0.0256669158917049,0.0630253237019393,7,5,6,0.00907462513958463,0.875,0.625,0.75,3,within-category pattern,TRUE
grassland_meadow_steppe,grassland meadow steppe,climate,PPT_sp,Precipitation,Spring,8,0.0501961244173541,0.00934015189220853,0.0510509370948157,8,0,5,0.00330224237014651,1,0,0.625,4,within-category pattern,FALSE
grassland_meadow_steppe,grassland meadow steppe,climate,DD5_sm,Growing season and degree-days,Summer,8,0.0477159379081118,0.0302039121439711,0.0416414690446251,7,2,2,0.0106786955476823,0.875,0.25,0.25,5,within-category pattern,TRUE
grassland_meadow_steppe,grassland meadow steppe,climate,AHM,Climatic moisture balance,Annual,8,0.0406309814508908,0.0245260709365592,0.0375123027274761,7,2,3,0.00867127553755165,0.875,0.25,0.375,6,within-category pattern,TRUE
grassland_meadow_steppe,grassland meadow steppe,climate,Tmax_wt,Temperature,Winter,8,0.0294549653547589,0.0278103662864539,0.0295875182741469,5,2,3,0.00983244929421664,0.625,0.25,0.375,11,within-category pattern,TRUE
grassland_meadow_steppe,grassland meadow steppe,climate,Eref_at,Radiation and evaporative demand,Autumn,8,0.0273181196280088,0.0297856642667847,0.0208021591181554,4,3,3,0.0105308225925947,0.5,0.375,0.375,14,within-category pattern,TRUE
no_vegetation,no vegetation,climate,MAP,Precipitation,Annual,1,0.0827044261929635,,0.0827044261929635,1,1,1,,1,1,1,1,descriptive only,FALSE
no_vegetation,no vegetation,climate,PPT_sm,Precipitation,Summer,1,0.075674952318016,,0.075674952318016,1,1,1,,1,1,1,2,descriptive only,FALSE
no_vegetation,no vegetation,climate,AHM,Climatic moisture balance,Annual,1,0.0721539911553336,,0.0721539911553336,1,1,1,,1,1,1,3,descriptive only,FALSE
no_vegetation,no vegetation,climate,Eref_sm,Radiation and evaporative demand,Summer,1,0.0700483093027001,,0.0700483093027001,1,1,1,,1,1,1,4,descriptive only,FALSE
no_vegetation,no vegetation,climate,PPT_sp,Precipitation,Spring,1,0.0604186722324867,,0.0604186722324867,1,1,1,,1,1,1,5,descriptive only,FALSE
no_vegetation,no vegetation,climate,CMD,Climatic moisture balance,Annual,1,0.058011811802065,,0.058011811802065,1,0,1,,1,0,1,6,descriptive only,FALSE
scrub,scrub,climate,TD,Temperature,Annual,6,0.102145790210442,0.0313800886676464,0.0981570180615281,6,6,6,0.0128108675531711,1,1,1,1,within-category pattern,TRUE
scrub,scrub,climate,EXT,Temperature,Annual,6,0.064811461861186,0.0308179050946528,0.067668917705912,6,3,4,0.0125813570705696,1,0.5,0.666666666666667,2,within-category pattern,TRUE
scrub,scrub,climate,PPT_at,Precipitation,Autumn,6,0.0560221143476551,0.0132731587553422,0.0586682702949254,6,4,5,0.00541874437092393,1,0.666666666666667,0.833333333333333,3,within-category pattern,TRUE
scrub,scrub,climate,Tmax_wt,Temperature,Winter,6,0.0500054714684096,0.0120642477950964,0.0469139024271336,6,2,4,0.00492520853808051,1,0.333333333333333,0.666666666666667,4,within-category pattern,TRUE
scrub,scrub,climate,Eref_at,Radiation and evaporative demand,Autumn,6,0.0457036595646233,0.0173015262658228,0.0435316294422474,6,1,3,0.00706331852043777,1,0.166666666666667,0.5,5,within-category pattern,FALSE
scrub,scrub,climate,PPT_sp,Precipitation,Spring,6,0.0451961531740107,0.0253228341035563,0.0504473460513841,5,1,4,0.0103380037324769,0.833333333333333,0.166666666666667,0.666666666666667,6,within-category pattern,FALSE
scrub,scrub,climate,DD5_sm,Growing season and degree-days,Summer,6,0.0339079464699688,0.0316347923043926,0.0327400961274326,4,2,2,0.0129148498774477,0.666666666666667,0.333333333333333,0.333333333333333,13,within-category pattern,TRUE
wetland,wetland,climate,TD,Temperature,Annual,5,0.0564424584438467,0.0377220967866524,0.0572837728291682,4,2,3,0.0168698345337562,0.8,0.4,0.6,1,within-category pattern,TRUE
wetland,wetland,climate,PPT_at,Precipitation,Autumn,5,0.0547700914346873,0.0168805350940875,0.0599337526925273,5,3,3,0.00754920479339007,1,0.6,0.6,2,within-category pattern,TRUE
wetland,wetland,climate,PPT_wt,Precipitation,Winter,5,0.0518755442030896,0.029264154590712,0.0429265522428408,5,2,2,0.0130873277937789,1,0.4,0.4,3,within-category pattern,TRUE
wetland,wetland,climate,PPT_sp,Precipitation,Spring,5,0.0512487947504797,0.03740703271207,0.0452043081382236,4,2,2,0.0167289335961494,0.8,0.4,0.4,4,within-category pattern,TRUE
wetland,wetland,climate,Eref_at,Radiation and evaporative demand,Autumn,5,0.0398595360609685,0.0374845432097182,0.0517394046214333,3,2,3,0.0167635973444916,0.6,0.4,0.6,5,within-category pattern,TRUE
wetland,wetland,climate,Eref_sm,Radiation and evaporative demand,Summer,5,0.0375223559972056,0.022746257032326,0.0516303040517687,5,0,3,0.0101724353915927,1,0,0.6,6,within-category pattern,FALSE
wetland,wetland,climate,PPT_sm,Precipitation,Summer,5,0.037410310926772,0.0259396515229786,0.0421603086308263,4,2,2,0.0116005648236072,0.8,0.4,0.4,8,within-category pattern,TRUE
alpine_vegetation,alpine vegetation,soil,T_GRAVEL,Coarse fragments,,3,0.218436767494502,0.113506496917253,0.251556657813156,3,2,3,0.0655330065499473,1,0.666666666666667,1,1,within-category pattern,TRUE
alpine_vegetation,alpine vegetation,soil,T_OC,Organic carbon,,3,0.156652964700335,0.0432219290179697,0.166443541494364,3,3,3,0.0249541923534197,1,1,1,2,within-category pattern,TRUE
alpine_vegetation,alpine vegetation,soil,T_BS,Nutrient retention and base status,,3,0.0953107355906803,0.0945874399674922,0.0967743123352664,2,2,2,0.0546100839271892,0.666666666666667,0.666666666666667,0.666666666666667,3,within-category pattern,TRUE
alpine_vegetation,alpine vegetation,soil,T_CLAY,Texture,,3,0.0886146338562502,0.0773322259909198,0.123389995234609,2,2,2,0.0446477814928905,0.666666666666667,0.666666666666667,0.666666666666667,4,within-category pattern,TRUE
alpine_vegetation,alpine vegetation,soil,T_CEC_CLAY,Nutrient retention and base status,,3,0.0755615443447624,0.0241550067231746,0.0809297807960085,3,0,3,0.0139458996339021,1,0,1,5,within-category pattern,FALSE
alpine_vegetation,alpine vegetation,soil,T_ESP,Sodicity,,3,0.0731763388175005,0.0661199990946317,0.0909025926760243,2,1,2,0.0381743992761034,0.666666666666667,0.333333333333333,0.666666666666667,6,within-category pattern,TRUE
alpine_vegetation,alpine vegetation,soil,T_REF_BULK_DENSITY,Bulk density,,3,0.0705456443816856,0.0614034595054961,0.0996646967261115,2,2,2,0.0354513038746725,0.666666666666667,0.666666666666667,0.666666666666667,7,within-category pattern,TRUE
alpine_vegetation,alpine vegetation,soil,T_SILT,Texture,,3,0.0669696350055068,0.0580109750609894,0.0991997740838685,2,1,2,0.0334926520674149,0.666666666666667,0.333333333333333,0.666666666666667,8,within-category pattern,TRUE
alpine_vegetation,alpine vegetation,soil,T_TEB,Nutrient retention and base status,,3,0.0603572305500117,0.0635681668160432,0.0543603655572748,2,1,2,0.0367010982231336,0.666666666666667,0.333333333333333,0.666666666666667,9,within-category pattern,TRUE
cropland,cropland,soil,T_CEC_CLAY,Nutrient retention and base status,,7,0.18265937865615,0.0498656524715864,0.200509894570233,7,6,7,0.0188474450576844,1,0.857142857142857,1,1,within-category pattern,TRUE
cropland,cropland,soil,T_PH_H2O,Soil reaction,,7,0.116772173225713,0.0489673960669214,0.11871556410961,7,4,7,0.0185079360490681,1,0.571428571428571,1,2,within-category pattern,TRUE
cropland,cropland,soil,T_TEB,Nutrient retention and base status,,7,0.1154152292235,0.0251487877717621,0.11273447905757,7,5,7,0.00950534831697497,1,0.714285714285714,1,3,within-category pattern,TRUE
cropland,cropland,soil,T_OC,Organic carbon,,7,0.0962551666730692,0.0496661986863285,0.114971243055751,6,5,6,0.0187720586128497,0.857142857142857,0.714285714285714,0.857142857142857,4,within-category pattern,TRUE
cropland,cropland,soil,T_CEC_SOIL,Nutrient retention and base status,,7,0.0936293445354954,0.052603599199944,0.104349000540173,6,4,6,0.0198822916499954,0.857142857142857,0.571428571428571,0.857142857142857,5,within-category pattern,TRUE
cropland,cropland,soil,T_CLAY,Texture,,7,0.088124423041605,0.0199325188140714,0.089908525284767,7,3,7,0.00753378396930699,1,0.428571428571429,1,6,within-category pattern,TRUE
cropland,cropland,soil,T_SILT,Texture,,7,0.0824947773633317,0.0388771863992481,0.0945576836662039,6,3,6,0.0146941952694733,0.857142857142857,0.428571428571429,0.857142857142857,7,within-category pattern,TRUE
cropland,cropland,soil,T_REF_BULK_DENSITY,Bulk density,,7,0.0779061321984047,0.0371474811180887,0.0833347617336315,6,2,6,0.0140404281244186,0.857142857142857,0.285714285714286,0.857142857142857,8,within-category pattern,TRUE
cropland,cropland,soil,T_BS,Nutrient retention and base status,,7,0.0764761971514406,0.0580106608086801,0.0842425848497268,5,3,5,0.0219259688414698,0.714285714285714,0.428571428571429,0.714285714285714,9,within-category pattern,TRUE
desert,desert,soil,T_OC,Organic carbon,,8,0.17872095075219,0.0836259063515213,0.188392320185149,8,6,8,0.0295662227320159,1,0.75,1,1,within-category pattern,TRUE
desert,desert,soil,T_TEB,Nutrient retention and base status,,8,0.0966597975897765,0.0653056879258277,0.121128838998661,6,5,6,0.0230890473912026,0.75,0.625,0.75,2,within-category pattern,TRUE
desert,desert,soil,T_CASO4,Gypsum,,8,0.0807118121831128,0.0886627861172591,0.0665636719606554,4,4,4,0.0313470286512032,0.5,0.5,0.5,3,within-category pattern,TRUE
desert,desert,soil,T_CEC_CLAY,Nutrient retention and base status,,8,0.079894317063994,0.04158543596653,0.0778917719953752,7,3,7,0.0147026718852662,0.875,0.375,0.875,4,within-category pattern,TRUE
desert,desert,soil,T_CACO3,Carbonates,,8,0.0771402158197157,0.0793359381818945,0.074023740258636,5,2,5,0.0280494899401072,0.625,0.25,0.625,5,within-category pattern,TRUE
desert,desert,soil,T_PH_H2O,Soil reaction,,8,0.0710202917980321,0.0653386125185122,0.0840990667975934,5,3,5,0.0231006879925801,0.625,0.375,0.625,6,within-category pattern,TRUE
desert,desert,soil,T_CLAY,Texture,,8,0.0688462268515326,0.0460487265857909,0.0582693963323243,7,2,7,0.016280683416909,0.875,0.25,0.875,7,within-category pattern,TRUE
desert,desert,soil,T_REF_BULK_DENSITY,Bulk density,,8,0.0620140454762359,0.0385533497107322,0.055549590090922,7,2,7,0.0136306675089576,0.875,0.25,0.875,8,within-category pattern,TRUE
desert,desert,soil,T_GRAVEL,Coarse fragments,,8,0.0606147899934049,0.068230756008449,0.0380823355899632,4,3,4,0.0241232151295295,0.5,0.375,0.5,9,within-category pattern,TRUE
desert,desert,soil,T_ESP,Sodicity,,8,0.0591482786730014,0.0643374033352863,0.0489132917008717,4,4,4,0.0227467070911575,0.5,0.5,0.5,10,within-category pattern,TRUE
desert,desert,soil,T_CEC_SOIL,Nutrient retention and base status,,8,0.0493556456774179,0.0549725762086415,0.0334484153837748,4,3,4,0.0194357407082123,0.5,0.375,0.5,12,within-category pattern,TRUE
forest,forest,soil,T_CEC_CLAY,Nutrient retention and base status,,15,0.152180531688636,0.0618587799522522,0.165761735932516,15,12,15,0.0159718683047855,1,0.8,1,1,within-category pattern,TRUE
forest,forest,soil,T_BS,Nutrient retention and base status,,15,0.128327026583635,0.069857688656795,0.135933633267618,13,10,13,0.0180371776514873,0.866666666666667,0.666666666666667,0.866666666666667,2,within-category pattern,TRUE
forest,forest,soil,T_PH_H2O,Soil reaction,,15,0.126834693274979,0.0353620452037269,0.126577282097185,15,12,15,0.00913044081079121,1,0.8,1,3,within-category pattern,TRUE
forest,forest,soil,T_TEB,Nutrient retention and base status,,15,0.118091103387892,0.0426060649911225,0.123856029026351,14,11,14,0.0110008386772032,0.933333333333333,0.733333333333333,0.933333333333333,4,within-category pattern,TRUE
forest,forest,soil,T_SILT,Texture,,15,0.0883951138338451,0.0524801019106836,0.0903609136842168,12,8,12,0.0135503040471564,0.8,0.533333333333333,0.8,5,within-category pattern,TRUE
forest,forest,soil,T_OC,Organic carbon,,15,0.0784207577635745,0.0569051594388774,0.0908051040702816,11,5,11,0.0146928489880033,0.733333333333333,0.333333333333333,0.733333333333333,6,within-category pattern,TRUE
forest,forest,soil,T_CEC_SOIL,Nutrient retention and base status,,15,0.0582165484913185,0.0524997447390276,0.0578088382313262,10,4,10,0.0135553758036263,0.666666666666667,0.266666666666667,0.666666666666667,8,within-category pattern,TRUE
grassland_meadow_steppe,grassland meadow steppe,soil,T_OC,Organic carbon,,8,0.153681281357022,0.046878195882225,0.141281630761067,8,7,8,0.0165739450990563,1,0.875,1,1,within-category pattern,TRUE
grassland_meadow_steppe,grassland meadow steppe,soil,T_CEC_CLAY,Nutrient retention and base status,,8,0.144669092996963,0.0586732077294901,0.130806209256233,8,6,8,0.0207441115297447,1,0.75,1,2,within-category pattern,TRUE
grassland_meadow_steppe,grassland meadow steppe,soil,T_TEB,Nutrient retention and base status,,8,0.116951833012176,0.0366829305612064,0.124581596164867,8,5,8,0.0129693744768122,1,0.625,1,3,within-category pattern,TRUE
grassland_meadow_steppe,grassland meadow steppe,soil,T_CLAY,Texture,,8,0.076943059620022,0.0415931777953983,0.0745726518631336,7,3,7,0.0147054090351119,0.875,0.375,0.875,4,within-category pattern,TRUE
grassland_meadow_steppe,grassland meadow steppe,soil,T_PH_H2O,Soil reaction,,8,0.0764764721650483,0.059504407716102,0.0825863223629807,6,3,6,0.0210379851032724,0.75,0.375,0.75,5,within-category pattern,TRUE
grassland_meadow_steppe,grassland meadow steppe,soil,T_REF_BULK_DENSITY,Bulk density,,8,0.0757701995194431,0.0355734462316382,0.0861128401405679,7,3,7,0.0125771125302832,0.875,0.375,0.875,6,within-category pattern,TRUE
grassland_meadow_steppe,grassland meadow steppe,soil,T_SILT,Texture,,8,0.0754847336798679,0.0427371259412612,0.0774856770965732,7,4,7,0.0151098557807447,0.875,0.5,0.875,7,within-category pattern,TRUE
grassland_meadow_steppe,grassland meadow steppe,soil,T_CEC_SOIL,Nutrient retention and base status,,8,0.0752462778036547,0.0550454709201164,0.0779112198503218,6,3,6,0.0194615128806106,0.75,0.375,0.75,8,within-category pattern,TRUE
grassland_meadow_steppe,grassland meadow steppe,soil,T_BS,Nutrient retention and base status,,8,0.0672648074219438,0.0783817897326403,0.032129840512873,4,3,4,0.027712147520744,0.5,0.375,0.5,9,within-category pattern,TRUE
no_vegetation,no vegetation,soil,T_OC,Organic carbon,,1,0.244693229434255,,0.244693229434255,1,1,1,,1,1,1,1,descriptive only,FALSE
no_vegetation,no vegetation,soil,T_SILT,Texture,,1,0.15806672262853,,0.15806672262853,1,1,1,,1,1,1,2,descriptive only,FALSE
no_vegetation,no vegetation,soil,T_REF_BULK_DENSITY,Bulk density,,1,0.113786685116651,,0.113786685116651,1,1,1,,1,1,1,3,descriptive only,FALSE
no_vegetation,no vegetation,soil,T_TEB,Nutrient retention and base status,,1,0.110365914322776,,0.110365914322776,1,1,1,,1,1,1,4,descriptive only,FALSE
no_vegetation,no vegetation,soil,T_SAND,Texture,,1,0.102946308073648,,0.102946308073648,1,1,1,,1,1,1,5,descriptive only,FALSE
no_vegetation,no vegetation,soil,T_GRAVEL,Coarse fragments,,1,0.0868468747658458,,0.0868468747658458,1,0,1,,1,0,1,6,descriptive only,FALSE
scrub,scrub,soil,T_CEC_CLAY,Nutrient retention and base status,,6,0.130448033270285,0.0618582296290968,0.114253994518555,6,3,6,0.0252535164971998,1,0.5,1,1,within-category pattern,TRUE
scrub,scrub,soil,T_CLAY,Texture,,6,0.123268718352523,0.0397404313462038,0.118699359536546,6,3,6,0.0162239631593842,1,0.5,1,2,within-category pattern,TRUE
scrub,scrub,soil,T_OC,Organic carbon,,6,0.119901914096447,0.0766123406233851,0.120123910941925,5,4,5,0.0312768570879321,0.833333333333333,0.666666666666667,0.833333333333333,3,within-category pattern,TRUE
scrub,scrub,soil,T_BS,Nutrient retention and base status,,6,0.108698356549257,0.0574267468049042,0.122817646168722,5,5,5,0.0234443712100033,0.833333333333333,0.833333333333333,0.833333333333333,4,within-category pattern,TRUE
scrub,scrub,soil,T_CEC_SOIL,Nutrient retention and base status,,6,0.0969043868810507,0.054050606534482,0.108780605357818,5,4,5,0.0220660677162372,0.833333333333333,0.666666666666667,0.833333333333333,5,within-category pattern,TRUE
scrub,scrub,soil,T_TEB,Nutrient retention and base status,,6,0.0918487828925391,0.048582469172621,0.105373243016227,5,3,5,0.0198337099862359,0.833333333333333,0.5,0.833333333333333,6,within-category pattern,TRUE
scrub,scrub,soil,T_REF_BULK_DENSITY,Bulk density,,6,0.088391635084573,0.0490309976942235,0.098876331804405,5,3,5,0.0200168209884043,0.833333333333333,0.5,0.833333333333333,7,within-category pattern,TRUE
scrub,scrub,soil,T_PH_H2O,Soil reaction,,6,0.0663764550697367,0.061674478069466,0.0636699806705006,4,2,4,0.0251785002371105,0.666666666666667,0.333333333333333,0.666666666666667,9,within-category pattern,TRUE
scrub,scrub,soil,T_GRAVEL,Coarse fragments,,6,0.0534660518079652,0.0458569782294506,0.0583909579250949,4,2,4,0.0187210329680118,0.666666666666667,0.333333333333333,0.666666666666667,10,within-category pattern,TRUE
wetland,wetland,soil,T_OC,Organic carbon,,5,0.156254709082336,0.0577850097674972,0.148539913770937,5,4,5,0.0258422419841226,1,0.8,1,1,within-category pattern,TRUE
wetland,wetland,soil,T_CEC_CLAY,Nutrient retention and base status,,5,0.149744992930844,0.0582448594438853,0.128976433371297,5,5,5,0.0260478930112896,1,1,1,2,within-category pattern,TRUE
wetland,wetland,soil,T_CEC_SOIL,Nutrient retention and base status,,5,0.149383243559669,0.0486203116814443,0.145629278245033,5,4,5,0.0217436644013873,1,0.8,1,3,within-category pattern,TRUE
wetland,wetland,soil,T_GRAVEL,Coarse fragments,,5,0.1380491826847,0.0711964275991452,0.164302438168756,5,3,5,0.0318400103733661,1,0.6,1,4,within-category pattern,TRUE
wetland,wetland,soil,T_SAND,Texture,,5,0.0830424459299972,0.0251518630754634,0.0795121145168572,5,2,5,0.0112482551195006,1,0.4,1,5,within-category pattern,TRUE
wetland,wetland,soil,T_TEB,Nutrient retention and base status,,5,0.0723822088875449,0.0472281429020083,0.0807395740802977,4,3,4,0.0211210675959929,0.8,0.6,0.8,6,within-category pattern,TRUE
wetland,wetland,soil,T_BS,Nutrient retention and base status,,5,0.0700570937044067,0.0491880641470689,0.0601856181790895,4,2,4,0.0219975710228933,0.8,0.4,0.8,7,within-category pattern,TRUE
