method,zone,original_pixels,predicted_pixels,TP,TN,FP,FN,accuracy,recall,specificity,precision,f1,tss
optimized_mf,1,15263,48801,11015,12340777,37786,4248,0.996608472637909,0.721679879447029,0.996947464742071,0.225712587856806,0.343874875124875,0.718627344189099
optimized_mf,2,284043,274175,187759,12023367,86416,96284,0.985258789335916,0.66102315494485,0.992863951401937,0.68481444332999,0.672708511728393,0.653887106346787
optimized_mf,3,552373,437065,261191,11665579,175874,291182,0.96231543027956,0.472852583308742,0.98514759970757,0.597602187317676,0.527958295517253,0.458000183016312
optimized_mf,4,91405,85939,34246,12250728,51693,57159,0.99121723993866,0.374662217602976,0.995798144121389,0.398491953594992,0.386209852038975,0.370460361724364
optimized_mf,5,190463,150579,58665,12111449,91914,131798,0.981949722385969,0.308012579871156,0.992468141773706,0.389596158826928,0.344033872660845,0.300480721644862
optimized_mf,6,90294,102235,45964,12247261,56271,44330,0.99188297463592,0.509048220258268,0.995426435270782,0.449591627133565,0.477476120480551,0.50447465552905
optimized_mf,7,220966,250014,79676,12002522,170338,141290,0.974856190493557,0.360580360779486,0.986006739582974,0.3186861535754,0.338341330842074,0.34658710036246
optimized_mf,9,30500,89769,24600,12298157,65169,5900,0.994265773942607,0.80655737704918,0.994728845619698,0.274036694181733,0.409082972337011,0.801286222668878
optimized_mf,10,146264,150624,70881,12167819,79743,75383,0.987483606757106,0.484610020237379,0.993489071539299,0.470582377310389,0.477493196087414,0.478099091776678
optimized_mf,11,147057,210876,83943,12119836,126933,63114,0.984665994181296,0.570819478161529,0.989635388729876,0.398068058954077,0.469043089069742,0.560454866891406
optimized_mf,12,374213,333136,214607,11901084,118529,159606,0.977558584411303,0.573488895361733,0.990138700805092,0.644202367801739,0.606792403749776,0.563627596166825
optimized_mf,13,618971,525685,351747,11600917,173938,267224,0.964404696338322,0.568277027518252,0.98522801342352,0.669121241808307,0.614589885520191,0.553505040941772
optimized_mf,14,32665,110476,25171,12275856,85305,7494,0.992512481617864,0.770580131639369,0.993098949200645,0.227841341105761,0.351695181674014,0.763679080840015
optimized_mf,15,235591,226133,112022,12044124,114111,123569,0.980822709629779,0.475493546018311,0.990614509425093,0.495381036823462,0.485233602758358,0.466108055443405
optimized_mf,16,911178,679078,500009,11303579,179069,411169,0.95237644937084,0.548750079567329,0.984405252168315,0.736305696841894,0.62884089102635,0.533155331735645
optimized_mf,17,1641,9973,1498,12383710,8475,143,0.999304653784876,0.91285801340646,0.999316101236384,0.150205554998496,0.257964525572585,0.912174114642843
optimized_mf,18,112964,168028,42742,12155576,125286,70222,0.984225371568069,0.378368329733366,0.989798273117962,0.254374270954841,0.304222184261474,0.368166602851328
optimized_mf,19,691356,563910,506017,11644577,57893,185339,0.980374744651087,0.731919589907371,0.995052924724438,0.897336454398752,0.806230711259605,0.726972514631809
optimized_mf,20,379965,439801,220810,11794870,218991,159155,0.969489163394742,0.581132472727751,0.981771805084144,0.502067980745837,0.538714706391824,0.562904277811895
optimized_mf,21,599210,491115,356891,11660392,134224,242319,0.969618501986392,0.595602543348743,0.988619892330535,0.726695376846563,0.654650677550272,0.584222435679277
optimized_mf,22,41980,99822,25621,12277645,74201,16359,0.992693136082433,0.61031443544545,0.993992719792653,0.256666867023302,0.361363027319784,0.604307155238103
optimized_mf,23,326806,355220,170222,11882022,184998,156584,0.972439341975593,0.520865589983048,0.984669122948334,0.479201621530319,0.49916572095492,0.505534712931381
optimized_mf,24,845397,666440,491084,11373073,175356,354313,0.957263479413056,0.580891581115145,0.98481559699592,0.736876538022928,0.6496520458224,0.565707178111065
optimized_mf,25,237357,345266,151196,11962399,194070,86161,0.977389467949607,0.636998276857224,0.984035660354993,0.437911639141995,0.519018301714831,0.621033937212216
optimized_mf,26,40896,110637,20000,12262293,90637,20896,0.991000922556118,0.489045383411581,0.992662712409121,0.180771351356237,0.263968904463054,0.481708095820701
optimized_mf,27,859115,702552,604141,11436300,98411,254974,0.971487012969199,0.703213190317944,0.991468273457393,0.859923535909086,0.773712961854224,0.694681463775337
optimized_mf,28,46042,110511,19518,12256791,90993,26524,0.990518101512802,0.423917292906477,0.992630823474074,0.176615902489345,0.249346866556374,0.416548116380551
optimized_mf,29,164338,210151,124767,12144104,85384,39571,0.989917963992717,0.759209677615646,0.993018186861134,0.593701671655143,0.666331988389512,0.75222786447678
optimized_mf,30,576557,486822,240850,11571297,245972,335707,0.953067035151212,0.41773840227419,0.979185376925921,0.494739350316954,0.452989949961397,0.396923779200111
optimized_mf,31,841378,679553,539426,11412321,140127,301952,0.96433070788633,0.641122064042559,0.987870363060712,0.793795333108676,0.709336583973895,0.628992427103271
optimized_mf,32,60484,100631,34042,12266753,66589,26442,0.992493762620195,0.56282653263673,0.994600895685857,0.338285419006072,0.422580144617199,0.557427428322587
optimized_mf,33,389751,372077,232090,11864088,139987,157661,0.975984171473764,0.595482756939687,0.988338376759559,0.623768736041196,0.609297636736901,0.583821133699246
optimized_mf,34,5159,18761,3328,12373234,15433,1831,0.998607048380379,0.645086257026556,0.998754264684005,0.177389264964554,0.278260869565217,0.643840521710561
optimized_mf,35,32864,93320,27098,12294740,66222,5766,0.994191624119945,0.824549659201558,0.99464264998145,0.290377196742392,0.42949977810182,0.819192309183008
optimized_mf,36,22575,162273,14178,12223156,148095,8397,0.987373390589798,0.628039867109635,0.988029100694829,0.0873712817289383,0.153401713840561,0.616068967804463
optimized_mf,37,191906,194681,136525,12143764,58156,55381,0.990839229145221,0.711416005752817,0.995233864834387,0.701275419789296,0.706309317178281,0.706649870587203
optimized_mf,38,30032,65456,27325,12325663,38131,2707,0.996704972298304,0.909862812999467,0.996915914322092,0.417456000977756,0.57232322386059,0.90677872732156
optimized_mf,39,21943,83939,13164,12301108,70775,8779,0.993581158877009,0.599917969284054,0.994279367174746,0.1568281728398,0.248654162180541,0.5941973364588
optimized_mf,40,339661,329690,114384,11838859,215306,225277,0.964451413147159,0.336759298241482,0.982138455878114,0.346944099002093,0.341775839581923,0.318897754119595
optimized_mf,41,91243,164495,46049,12184137,118446,45194,0.9867966518168,0.504685290926427,0.990372265726636,0.279941639563513,0.360126379341357,0.495057556653064
optimized_mf,42,155019,291206,115217,12062818,175989,39802,0.982588830922751,0.743244376495784,0.9856204121856,0.39565462250091,0.516407641884699,0.728864788681384
optimized_mf,43,5692,26733,4805,12366206,21928,887,0.998159164087022,0.844167252283907,0.998229919049955,0.179740395765533,0.296376252891288,0.842397171333863
optimized_mf,44,566191,308110,161194,11680719,146916,404997,0.955468714826237,0.284698979672937,0.987578581855121,0.523170296322742,0.368737997554618,0.272277561528059
optimized_mf,45,16405,70841,10646,12317226,60195,5759,0.99467847943,0.648948491313624,0.995136709012322,0.150280204966051,0.244045572289847,0.644085200325946
optimized_mf,46,136482,177210,62823,12142957,114387,73659,0.984827445536189,0.460302457466919,0.990667880415202,0.354511596411038,0.40053938257909,0.450970337882121
optimized_mf,47,354447,366146,193541,11866774,172605,160906,0.973090553312593,0.546036501931177,0.98566329708534,0.528589688266429,0.537171468498861,0.531699799016517
optimized_mf,48,1624,8238,1338,12385302,6900,286,0.99942019518428,0.823891625615764,0.999443198230629,0.162418062636562,0.271344554857027,0.823334823846393
optimized_mf,49,157753,208988,69168,12096253,139820,88585,0.981571066109852,0.438457588762179,0.988573131265235,0.330966371274906,0.377203530556987,0.427030720027414
optimized_mf,50,2292,17767,1792,12375559,15975,500,0.998670709109519,0.781849912739965,0.99871081336661,0.100861147070411,0.178672914901042,0.780560726106575
optimized_mf,52,23635,44953,19711,12344949,25242,3924,0.997646731525842,0.833975037021367,0.997959449453933,0.438480190421106,0.574765265060944,0.8319344864753
optimized_mf,53,64489,116769,51258,12263826,65511,13231,0.993646675368849,0.79483322737211,0.994686575604187,0.438969246974796,0.565580553685906,0.789519802976297
optimized_mf,54,11548,22310,10571,12370539,11739,977,0.998974005282953,0.915396605472809,0.999051951506823,0.473823397579561,0.624431448992852,0.914448556979632
optimized_mf,55,6383,34846,5438,12358035,29408,945,0.99755095803346,0.851950493498355,0.997625983021678,0.156058084141652,0.263794901646899,0.849576476520033
optimized_rf,1,15263,29222,10314,12359655,18908,4949,0.998075089968182,0.675751818122257,0.998472520598716,0.352953254397372,0.463706867483421,0.674224338720972
optimized_rf,2,284043,274552,203185,12038416,71367,80858,0.9877176749133,0.715331833560412,0.994106665660318,0.740060170750896,0.727485924507022,0.709438499220729
optimized_rf,3,552373,548625,344402,11637230,204223,207971,0.966741989116194,0.62349535549348,0.982753552287882,0.627754841649579,0.625617848533785,0.606248907781362
optimized_rf,4,91405,66064,37907,12274264,28157,53498,0.993411638988638,0.414714731141622,0.997711263498461,0.573792080406878,0.481453492433431,0.412425994640083
optimized_rf,5,190463,126709,61335,12137989,65374,129128,0.984306541014857,0.322031050650258,0.994642952110824,0.484061905626278,0.386761757027733,0.316674002761082
optimized_rf,6,90294,83881,52924,12272575,30957,37370,0.99448701313057,0.586129753914989,0.997483893243013,0.63094145277238,0.607710635854744,0.583613647158002
optimized_rf,7,220966,272604,91358,11991614,181246,129608,0.974918640942676,0.413448222803508,0.985110647785319,0.335130812460566,0.370192677836984,0.398558870588827
optimized_rf,9,30500,43063,24111,12344374,18952,6389,0.997955352931371,0.790524590163934,0.998467079166237,0.559900610733112,0.655519758574283,0.788991669330172
optimized_rf,10,146264,168394,96737,12175905,71657,49527,0.990222228390168,0.661386260460537,0.994149284567819,0.574468211456465,0.614870748558753,0.655535545028356
optimized_rf,11,147057,190092,84226,12140903,105866,62831,0.986388626078823,0.572743902024385,0.991355597545769,0.443080192748774,0.499636659162566,0.564099499570154
optimized_rf,12,374213,342905,226057,11902765,116848,148156,0.978618063542283,0.604086442747847,0.990278555557488,0.659240897624707,0.63045970119283,0.594364998305335
optimized_rf,13,618971,613697,397260,11558418,216437,221711,0.964647881937345,0.641807128282262,0.981618712077558,0.647322701593783,0.644553115680784,0.623425840359821
optimized_rf,14,32665,80340,24352,12305173,55988,8313,0.994811852288389,0.745507423848156,0.99547065198811,0.303111774956435,0.430989779213309,0.740978075836266
optimized_rf,15,235591,196979,110630,12071886,86349,124961,0.982950381907895,0.469585001124831,0.992897900065264,0.561633473619015,0.511501028735234,0.462482901190095
optimized_rf,16,911178,785286,587150,11284512,198136,324028,0.957869022850571,0.644385619494764,0.982744746682124,0.747689376863971,0.692204491224099,0.627130366176888
optimized_rf,17,1641,8722,1481,12384944,7241,160,0.999402847837302,0.902498476538696,0.999415680124207,0.169800504471452,0.285824568175239,0.901914156662903
optimized_rf,18,112964,137813,52247,12195296,85566,60717,0.988197107172555,0.462510180234411,0.993032573772102,0.379115177813414,0.416680955590026,0.455542754006513
optimized_rf,19,691356,589258,520503,11633715,68755,170853,0.980667148304325,0.752872615555517,0.994124744605199,0.883319360959037,0.812896001449305,0.746997360160716
optimized_rf,20,379965,441523,234953,11807291,206570,145012,0.971632488627806,0.618354322108615,0.982805694189403,0.532142153409902,0.572018093995287,0.601160016298019
optimized_rf,21,599210,513370,373558,11654804,139812,225652,0.970512414810406,0.623417499707949,0.988146116838395,0.727658414009389,0.671516654982114,0.611563616546344
optimized_rf,22,41980,78827,24302,12297321,54525,17678,0.994174276772968,0.578894711767508,0.995585680067579,0.308295381024268,0.402327679687435,0.574480391835087
optimized_rf,23,326806,399845,193462,11860637,206383,133344,0.972589013271608,0.591978115456877,0.982896937272003,0.483842488964474,0.532475700164178,0.574875052728879
optimized_rf,24,845397,755816,552957,11345570,202859,292440,0.960036634369403,0.654079680907313,0.982434060944566,0.731602665198937,0.690672633809493,0.63651374185188
optimized_rf,25,237357,308580,143274,11991163,165306,94083,0.979071111697066,0.603622391587356,0.986401807959203,0.464300991639121,0.52487374916886,0.590024199546559
optimized_rf,26,40896,44374,17038,12325594,27336,23858,0.995869394971335,0.416617762128326,0.997787083712123,0.383963582277911,0.399624721472968,0.414404845840449
optimized_rf,27,859115,731196,625524,11429039,105672,233591,0.972626451266945,0.728102756906817,0.990838782176684,0.855480609850163,0.786668771076852,0.718941539083501
optimized_rf,28,46042,87700,18282,12278366,69418,27760,0.992159160536867,0.397072238391034,0.994378100556343,0.208460661345496,0.273392053356462,0.391450338947377
optimized_rf,29,164338,175468,115861,12169881,59607,48477,0.99127920627577,0.705016490403924,0.99512596111955,0.660297034217065,0.68192439215317,0.700142451523473
optimized_rf,30,576557,607635,315456,11525090,292179,261101,0.955358417973594,0.547137577030545,0.975275251836952,0.519153768298403,0.532778468356483,0.522412828867497
optimized_rf,31,841378,757698,599393,11394143,158305,241985,0.9677024673414,0.712394429138865,0.986296843751212,0.791071112765244,0.749674186842902,0.698691272890077
optimized_rf,32,60484,66605,28857,12295594,37748,31627,0.994402454899722,0.477101382183718,0.996939353502076,0.433255761579461,0.45412270141397,0.474040735685794
optimized_rf,33,389751,360649,233919,11877345,126730,155832,0.977201390434237,0.600175496663254,0.989442751732224,0.648605708043,0.623451492537313,0.589618248395479
optimized_rf,34,5159,12593,3152,12379226,9441,2007,0.999076314287452,0.610971118433805,0.999237932539473,0.250297784483443,0.355114916629112,0.610209050973278
optimized_rf,35,32864,54891,25231,12331302,29660,7633,0.996991001810095,0.767739776046738,0.997600510380988,0.459656409976135,0.575032761666002,0.765340286427726
optimized_rf,36,22575,123481,12429,12260199,111052,10146,0.990221098795481,0.550564784053156,0.991023381548075,0.100655161522825,0.170194993701046,0.541588165601231
optimized_rf,37,191906,187153,136602,12151369,50551,55304,0.991459053886992,0.711817243858973,0.9958571274029,0.729894791961657,0.720742681218491,0.707674371261873
optimized_rf,38,30032,46701,25729,12342822,20972,4303,0.997960678163466,0.856719499200852,0.998303756921217,0.550930386929616,0.670611079978627,0.855023256122069
optimized_rf,39,21943,56522,13799,12329160,42723,8144,0.995895779075808,0.628856582964955,0.996546766567385,0.244135027069106,0.351723698464284,0.62540334953234
optimized_rf,40,339661,303990,129249,11879424,174741,210412,0.968923801253947,0.380523521982212,0.985503682751978,0.425175170235863,0.401612053737196,0.36602720473419
optimized_rf,41,91243,141469,50595,12211709,90874,40648,0.989388103399225,0.554508291046984,0.992613421100268,0.357640189723544,0.434829316923923,0.547121712147253
optimized_rf,42,155019,236467,124236,12126576,112231,30783,0.988460867531947,0.801424341532328,0.990829906869191,0.525384091649152,0.634689363093444,0.792254248401519
optimized_rf,43,5692,17146,4605,12375593,12541,1087,0.998900420257635,0.809030217849614,0.998987660288466,0.268575761110463,0.403275243016026,0.80801787813808
optimized_rf,44,566191,340428,188759,11675966,151669,377432,0.957309308683211,0.333383964068662,0.987176726370065,0.554475542552317,0.416402038783657,0.320560690438727
optimized_rf,45,16405,35667,8657,12350411,27010,7748,0.997195539133759,0.527704967997562,0.997817800654918,0.242717357781703,0.33250115225073,0.52552276865248
optimized_rf,46,136482,163810,82116,12175650,81694,54366,0.989021953349999,0.601661757594408,0.993335097717744,0.501288077650937,0.546907676528179,0.594996855312152
optimized_rf,47,354447,379020,211668,11872027,167352,142779,0.974976976439721,0.59717813946796,0.986099615270854,0.558461294918474,0.577171161074731,0.583277754738814
optimized_rf,48,1624,4262,1240,12389180,3022,384,0.999725185749744,0.763546798029557,0.999756136964197,0.290943219145941,0.421338769962623,0.763302934993754
optimized_rf,49,157753,211825,84523,12108771,127302,73230,0.983820008446141,0.535793297116378,0.989596171909076,0.399022778236752,0.457402767480748,0.525389469025454
optimized_rf,50,2292,11313,1774,12381995,9539,518,0.99918854758813,0.773996509598604,0.999230200231868,0.15681074869619,0.260786475560456,0.773226709830472
optimized_rf,52,23635,30304,19676,12359563,10628,3959,0.998823043021582,0.832494182356675,0.99914083784155,0.64928722280887,0.729564878844621,0.831635020198224
optimized_rf,53,64489,118624,54632,12265345,63992,9857,0.994041468711922,0.847152227511669,0.994809777687154,0.460547612624764,0.596702582558311,0.841962005198822
optimized_rf,54,11548,15041,10459,12377696,4582,1089,0.99954243346647,0.905697956356079,0.999629955005048,0.69536599960109,0.786716311256535,0.905327911361127
optimized_rf,55,6383,15627,5552,12377368,10075,831,0.999120045738903,0.86981043396522,0.999186676378652,0.355282523836949,0.504497955474784,0.868997110343872
plain_mf,1,15263,43469,11606,12346700,31863,3657,0.997134056908658,0.760400969665203,0.997425953238676,0.26699486990729,0.395218960702854,0.757826922903879
plain_mf,2,284043,258121,181881,12033543,76240,102162,0.985605574904795,0.640329105100284,0.993704263734536,0.704634648091399,0.670944585033311,0.63403336883482
plain_mf,3,552373,458953,289076,11671576,169877,263297,0.965049210792535,0.523334775595476,0.985654040935686,0.629859702409615,0.571677184211619,0.508988816531162
plain_mf,4,91405,105164,42524,12239781,62640,48881,0.991001890780135,0.4652261911274,0.994908319264964,0.404358906089536,0.432662322136247,0.460134510392364
plain_mf,5,190463,174298,72899,12101964,101399,117564,0.982332897040833,0.382746255178171,0.991690897009292,0.418243468083397,0.39970830214853,0.374437152187463
plain_mf,6,90294,106404,51564,12248692,54840,38730,0.992450273224749,0.571067845039538,0.995542743335816,0.484605841885643,0.524296129091297,0.566610588375354
plain_mf,7,220966,253254,88926,12008532,164328,132040,0.976087448702281,0.402442004652299,0.986500460861293,0.351133644483404,0.375041120155202,0.388942465513592
plain_mf,9,30500,72636,25326,12316016,47310,5174,0.99576531088947,0.830360655737705,0.99617335982243,0.348670080951594,0.49111852311511,0.826534015560135
plain_mf,10,146264,161057,77118,12163623,83939,69146,0.98764828552539,0.527252092107422,0.993146472742902,0.47882426718491,0.501872634802047,0.520398564850324
plain_mf,11,147057,187873,89389,12148285,98484,57668,0.987400823603623,0.607852737373943,0.991958368774654,0.475794818840387,0.533777207177619,0.599811106148597
plain_mf,12,374213,347395,236595,11908813,110800,137618,0.979956310504924,0.632246875442596,0.990781733155635,0.681054707177708,0.655743838760102,0.62302860859823
plain_mf,13,618971,540475,379039,11613419,161436,239932,0.967615488550509,0.612369561740372,0.986289767474844,0.701307183495999,0.653827776369059,0.598659329215216
plain_mf,14,32665,88121,26767,12299807,61354,5898,0.994573749865457,0.819439767335068,0.995036550369338,0.303752794453082,0.443213617472224,0.814476317704406
plain_mf,15,235591,251523,134135,12040847,117388,101456,0.982342498595672,0.569355365867117,0.990344980171875,0.533291190070093,0.550733503861519,0.559700346038992
plain_mf,16,911178,714708,547143,11315083,167565,364035,0.957107676031598,0.600478720952437,0.985407111669712,0.765547608254,0.673039807218956,0.58588583262215
plain_mf,17,1641,7099,1508,12386594,5591,133,0.999538157143726,0.918951858622791,0.999548828556062,0.212424285110579,0.345080091533181,0.918500687178853
plain_mf,18,112964,161315,45742,12165289,115573,67222,0.985251124229112,0.404925462979356,0.990589178512062,0.283557015776586,0.33354358153559,0.395514641491418
plain_mf,19,691356,582762,533214,11652922,49548,158142,0.983242462819794,0.77125822297051,0.995766022044919,0.914977297764782,0.836993119946504,0.767024245015429
plain_mf,20,379965,411795,222949,11825015,188846,157016,0.97209400874274,0.586761938599608,0.984280990099686,0.541407739287752,0.563173183793069,0.571042928699294
plain_mf,21,599210,523043,385300,11656873,137743,213910,0.971626759969036,0.643013300846114,0.988321535860091,0.736650715141967,0.686654435318952,0.631334836706205
plain_mf,22,41980,103289,30095,12278652,73194,11885,0.993135372402356,0.716888994759409,0.994074246068159,0.291366941300623,0.41433478581115,0.710963240827568
plain_mf,23,326806,327585,193281,11932716,134304,133525,0.978390127471533,0.591424270056241,0.988870160155531,0.590017857960529,0.590720226897986,0.580294430211773
plain_mf,24,845397,692848,543680,11399261,149168,301717,0.963620192828268,0.643106138299521,0.987083264745361,0.784703138350692,0.70688349385176,0.630189403044881
plain_mf,25,237357,305279,155197,12006387,150082,82160,0.981261476480306,0.653854742013086,0.987654145294987,0.508377582473737,0.572011440449952,0.641508887308072
plain_mf,26,40896,108530,23908,12268308,84622,16988,0.991801563133128,0.584604851330203,0.993149641421104,0.22028932092509,0.319997858471752,0.577754492751308
plain_mf,27,859115,725939,633979,11442751,91960,225136,0.974415003082987,0.7379442798694,0.992027541912407,0.873322689647477,0.799946247888085,0.729971821781807
plain_mf,28,46042,105757,22599,12264626,83158,23443,0.991398862627247,0.490834455497155,0.993265350284715,0.21368798282856,0.297748997028966,0.48409980578187
plain_mf,29,164338,201546,129592,12157534,71954,34746,0.991390874779104,0.788569898623569,0.9941163522136,0.64298968969863,0.708377518557794,0.782686250837169
plain_mf,30,576557,460257,248711,11605723,211546,327846,0.956478975903002,0.431372787079161,0.982098571167331,0.540374182250351,0.47976011126393,0.413471358246493
plain_mf,31,841378,732090,593407,11413765,138683,247971,0.968802692566444,0.705279909862155,0.987995358213255,0.810565640836509,0.754266372115607,0.69327526807541
plain_mf,32,60484,109248,40044,12264138,69204,20440,0.992767043849091,0.66205938760664,0.994388868807822,0.366542179261863,0.471849739589471,0.656448256414462
plain_mf,33,389751,388569,257147,11872653,131422,132604,0.978696973799697,0.659772521430349,0.989051884464234,0.661779503768957,0.660774488642204,0.648824405894583
plain_mf,34,5159,23374,3959,12369252,19415,1200,0.998336671823535,0.767396782322155,0.998432841886863,0.169376229999144,0.277503241860302,0.765829624209019
plain_mf,35,32864,73785,27932,12315109,45853,4932,0.995902395273259,0.849926971762415,0.996290499072807,0.378559327776648,0.523811756322141,0.846217470835222
plain_mf,36,22575,137199,16192,12250244,121007,6383,0.989721495202531,0.717253599114064,0.990218693323739,0.118018352903447,0.202686294390827,0.707472292437803
plain_mf,37,191906,194469,140436,12147887,54033,51470,0.991487455124834,0.731795775014851,0.995571762476725,0.722151088348272,0.726941442898738,0.727367537491576
plain_mf,38,30032,54472,27762,12337084,26710,2270,0.997661738998111,0.924413958444326,0.997839659897278,0.509656337200764,0.657057654075547,0.922253618341604
plain_mf,39,21943,75596,13279,12309566,62317,8664,0.994272874252067,0.605158820580595,0.994963014118384,0.175657442192709,0.272280831257241,0.60012183469898
plain_mf,40,339661,327131,128131,11855165,199000,211530,0.966876249513266,0.377232004851896,0.983491183337875,0.391681008525637,0.384320747699432,0.360723188189772
plain_mf,41,91243,150882,48040,12199741,102842,43203,0.988216310282233,0.526506142936992,0.991640617258994,0.318394506965708,0.396819824470831,0.518146760195986
plain_mf,42,155019,254877,120290,12104220,134587,34729,0.986338681856595,0.775969397299686,0.989003258242409,0.471953138180377,0.586929367449304,0.764972655542095
plain_mf,43,5692,24675,4901,12368360,19774,791,0.998340706090274,0.861033028812368,0.998403795115552,0.198622087132725,0.322784601705799,0.85943682392792
plain_mf,44,566191,364800,195271,11658106,169529,370920,0.956393691504141,0.344885383201075,0.98566670344494,0.535282346491228,0.419490628803071,0.330552086646016
plain_mf,45,16405,64247,11734,12324908,52513,4671,0.99538608981601,0.71526973483694,0.995757355268113,0.18263887807991,0.290978525021078,0.711027090105053
plain_mf,46,136482,175759,64957,12146542,110802,71525,0.985288884965789,0.475938218959277,0.990960358133051,0.369579936162586,0.416069638516403,0.466898577092327
plain_mf,47,354447,348528,199318,11890169,149210,155129,0.97544430589876,0.562335130499059,0.987606503624481,0.571885185695267,0.567069952701021,0.54994163412354
plain_mf,48,1624,10087,1465,12383580,8622,159,0.999291502075307,0.902093596059113,0.999304239876012,0.145236442946367,0.250192127060029,0.901397835935126
plain_mf,49,157753,195804,70358,12110627,125446,87395,0.982826852660349,0.446001026921834,0.989747854560855,0.359328716471574,0.39800088811705,0.435748881482688
plain_mf,50,2292,17261,1974,12376247,15287,318,0.998740905350777,0.861256544502618,0.998766335144624,0.114361856207636,0.201912749961643,0.860022879647242
plain_mf,52,23635,47718,20315,12342788,27403,3320,0.997521104459591,0.859530357520626,0.997784755304102,0.425730332369337,0.56942244895099,0.857315112824728
plain_mf,53,64489,97025,50070,12282382,46955,14419,0.995048018263287,0.776411481027772,0.996191603814544,0.516052563772224,0.620008172666147,0.772603084842316
plain_mf,54,11548,24003,10736,12369011,13267,812,0.998864031171649,0.929684793903706,0.998928549334783,0.447277423655376,0.603977384602402,0.92861334323849
plain_mf,55,6383,21732,5417,12371128,16315,966,0.998605676729688,0.848660504464985,0.998682940458334,0.249263758512792,0.385345900764716,0.847343444923319
plain_rf,1,15263,43057,11591,12347097,31466,3672,0.997164878706543,0.75941820087794,0.997458024812735,0.269201291311517,0.397496570644719,0.756876225690675
plain_rf,2,284043,256789,181048,12034042,75741,102995,0.985578626002979,0.637396450537419,0.99374547008811,0.705045776882966,0.669516596651086,0.631141920625528
plain_rf,3,552373,459849,289763,11671367,170086,262610,0.965087778382559,0.524578500397376,0.985636391074643,0.630126411061022,0.572528555988706,0.510214891472019
plain_rf,4,91405,105392,42692,12239721,62700,48713,0.991010604796291,0.467064164980034,0.994903442176138,0.405078184302414,0.433868402465485,0.461967607156172
plain_rf,5,190463,174488,73005,12101880,101483,117458,0.982334672118198,0.383302793718465,0.991684013660825,0.418395534363395,0.400081106778718,0.374986807379289
plain_rf,6,90294,107954,52219,12247797,55735,38075,0.992430908744402,0.578321926152347,0.995469999996749,0.483715286140393,0.526804810136798,0.573791926149096
plain_rf,7,220966,254210,88973,12007623,165237,131993,0.976017897943702,0.402654707059005,0.986425786544822,0.349998033122222,0.374484401569103,0.389080493603826
plain_rf,9,30500,72233,25365,12316458,46868,5135,0.995804120535499,0.831639344262295,0.996209110719882,0.351155289133775,0.493804327723322,0.827848454982178
plain_rf,10,146264,161080,76932,12163414,84148,69332,0.987616414818152,0.525980418968441,0.993129408122204,0.477601191954308,0.500624707168515,0.519109827090645
plain_rf,11,147057,186515,89346,12149600,97169,57711,0.987503455349462,0.607560333748138,0.992065744034202,0.479028496367584,0.535692444209946,0.59962607778234
plain_rf,12,374213,348852,236715,11907476,112137,137498,0.979858116452498,0.632567548428302,0.990670498293082,0.678554229300678,0.654754413503627,0.623238046721383
plain_rf,13,618971,530722,374291,11618424,156431,244680,0.967636224681547,0.60469876617806,0.986714825787664,0.705248698942196,0.651114688877814,0.591413591965724
plain_rf,14,32665,88596,26671,12299236,61925,5994,0.99451993274716,0.816500841879688,0.994990357297345,0.301040679037428,0.439894112699054,0.811491199177032
plain_rf,15,235591,255344,134831,12037722,120513,100760,0.982146513917494,0.572309638313858,0.990087952733271,0.528036687762391,0.549282491572204,0.562397591047128
plain_rf,16,911178,711547,545670,11316771,165877,365508,0.957125023378576,0.598862132316627,0.985554116088902,0.766878365027187,0.672535395707837,0.58441624840553
plain_rf,17,1641,7228,1509,12386466,5719,132,0.999527910106209,0.919561243144424,0.999538499465591,0.208771444382955,0.340286390799414,0.919099742610015
plain_rf,18,112964,162922,45866,12163806,117056,67098,0.985141472859148,0.406023157820191,0.99046842151634,0.281521218742711,0.332499655654872,0.39649157933653
plain_rf,19,691356,582291,532779,11652958,49512,158577,0.983210269371218,0.770629024699287,0.99576909831856,0.914970349876608,0.836619565703841,0.766398123017847
plain_rf,20,379965,418010,224651,11820502,193359,155314,0.971867202266677,0.591241298540655,0.983905340672745,0.537429726561566,0.563052727215765,0.5751466392134
plain_rf,21,599210,525215,386583,11655984,138632,212627,0.971658549990939,0.645154453363595,0.988246162486341,0.736047142598745,0.687610111834938,0.633400615849937
plain_rf,22,41980,102107,30056,12279795,72051,11924,0.993224449011952,0.715959980943306,0.994166782843633,0.29435787947937,0.417192390708391,0.71012676378694
plain_rf,23,326806,331497,193970,11929493,137527,132836,0.978185670833204,0.593532554481864,0.988603068528933,0.585133500454001,0.589303102066981,0.582135623010796
plain_rf,24,845397,692055,542630,11399004,149425,302767,0.963514737095712,0.641864118278158,0.987061010636165,0.784085079943068,0.705882199899574,0.628925128914323
plain_rf,25,237357,307122,155190,12004537,151932,82167,0.981111643813621,0.653825250571923,0.987501962946642,0.505304081114345,0.570049533590827,0.641327213518565
plain_rf,26,40896,108051,23802,12268681,84249,17094,0.991823106117514,0.582012910798122,0.993179836686519,0.22028486548019,0.319603617394107,0.575192747484641
plain_rf,27,859115,727974,636185,11442922,91789,222930,0.974606792123756,0.7405120385513,0.992042366731165,0.873911705637839,0.801700471744181,0.732554405282465
plain_rf,28,46042,106475,22521,12263830,83954,23521,0.99132834364465,0.489140350115112,0.993200885276257,0.211514440009392,0.295324455634454,0.482341235391369
plain_rf,29,164338,201345,129371,12157514,71974,34967,0.991371429613422,0.787225109226107,0.99411471682216,0.642533959124885,0.707558185641662,0.781339826048267
plain_rf,30,576557,459961,247678,11604986,212283,328879,0.956336162860443,0.429581116871359,0.982036204811789,0.538476088190086,0.477903905190262,0.411617321683147
plain_rf,31,841378,729996,592744,11415196,137252,248634,0.968864658903554,0.704491916831674,0.988119228063178,0.811982531411131,0.75442765376034,0.692611144894852
plain_rf,32,60484,109910,39790,12263222,70120,20694,0.992672642007399,0.657859929898816,0.994314598589742,0.362023473751251,0.467035224244985,0.652174528488558
plain_rf,33,389751,388960,257185,11872300,131775,132566,0.978671557919241,0.659870019576602,0.989022477783586,0.661211949814891,0.660540303141987,0.648892497360188
plain_rf,34,5159,23082,3925,12369510,19157,1234,0.998354745338526,0.760806357821283,0.998453667371962,0.170045923230223,0.277964661308027,0.759260025193245
plain_rf,35,32864,73331,27783,12315414,45548,5081,0.995914982185485,0.845393135345667,0.996315173527756,0.378871145900097,0.523244973868826,0.841708308873423
plain_rf,36,22575,137814,16178,12249615,121636,6397,0.989669614532268,0.716633444075305,0.990167849637842,0.117390105504521,0.201734532916846,0.706801293713146
plain_rf,37,191906,195984,140634,12146570,55350,51272,0.991397168235217,0.732827530144967,0.995463828643361,0.717578986039677,0.725123101910335,0.728291358788328
plain_rf,38,30032,53974,27709,12337529,26265,2323,0.997693367649344,0.922649174214172,0.997875652085436,0.513376811057176,0.659690974454206,0.920524826299608
plain_rf,39,21943,75047,13255,12310091,61792,8688,0.994313297604791,0.604065077701317,0.995005449049268,0.176622649806122,0.27332714712857,0.599070526750585
plain_rf,40,339661,326675,127648,11855138,199027,212013,0.966835099992529,0.375809998792914,0.983488943448178,0.390749215581235,0.383134034481103,0.359298942241092
plain_rf,41,91243,150777,47826,12199632,102951,43417,0.988190248919099,0.524160757537565,0.991631757330961,0.317196919954635,0.395223535245021,0.515792514868525
plain_rf,42,155019,250059,119372,12108120,130687,35647,0.986579285524906,0.770047542559299,0.98932191675218,0.477375339419897,0.589377848216887,0.75936945931148
plain_rf,43,5692,24642,4888,12368380,19754,804,0.998341270887618,0.858749121574139,0.9984054095637,0.198360522684847,0.322278631238874,0.857154531137839
plain_rf,44,566191,363006,194740,11659369,168266,371451,0.956452753169199,0.343947537138527,0.985773487260978,0.536464962011647,0.419157616737893,0.329721024399506
plain_rf,45,16405,64057,11730,12325094,52327,4675,0.99540077454694,0.715025906735751,0.995772382631244,0.183118160388404,0.291566205165171,0.710798289366996
plain_rf,46,136482,176243,65064,12146165,111179,71418,0.985267099925398,0.476722205125951,0.990929601062025,0.369172108963193,0.416110000799424,0.467651806187975
plain_rf,47,354447,348630,198321,11889070,150309,156126,0.975275189437063,0.559522298115092,0.987515219846472,0.568858101712417,0.564151579414488,0.547037517961564
plain_rf,48,1624,9307,1448,12384343,7859,176,0.999351693335053,0.891625615763547,0.999365810854277,0.155581820135382,0.264934589699021,0.890991426617824
plain_rf,49,157753,196622,70544,12109995,126078,87209,0.982790867001038,0.447180085323259,0.989696204002706,0.35877979066432,0.398131922398589,0.436876289325964
plain_rf,50,2292,16766,1980,12376748,14786,312,0.99878181281551,0.863874345549738,0.998806765974253,0.118096146964094,0.207786756217861,0.862681111523991
plain_rf,52,23635,47157,20319,12343353,26838,3316,0.997567014415081,0.859699598053734,0.997830429619074,0.430879826961003,0.574047915018646,0.857530027672808
plain_rf,53,64489,97107,50214,12282444,46893,14275,0.995064639442251,0.778644419978601,0.996196632470992,0.517099694151812,0.621475779103443,0.774841052449593
plain_rf,54,11548,23932,10743,12369089,13189,805,0.998870889425106,0.930290959473502,0.998934848660319,0.448896874477687,0.605580608793687,0.929225808133821
plain_rf,55,6383,21867,5479,12371055,16388,904,0.998604789191005,0.858373805420649,0.998677047393881,0.250560204874926,0.387893805309735,0.85705085281453
